,OPSD,WEPP
0,0.0,12392.0
1,3.0,26.0
2,4.0,27.0
3,5.0,28.0
4,6.0,29.0
5,4464.0,28972.0
6,8.0,40.0
7,10.0,61.0
8,11.0,62.0
9,14.0,462.0
10,17.0,76.0
11,18.0,15761.0
12,19.0,94.0
13,22.0,110.0
14,23.0,112.0
15,24.0,11492.0
16,27.0,5889.0
17,28.0,114.0
18,30.0,123.0
19,31.0,144.0
20,4294.0,27981.0
21,35.0,165.0
22,41.0,20528.0
23,43.0,277.0
24,45.0,280.0
25,52.0,306.0
26,53.0,310.0
27,54.0,659.0
28,55.0,314.0
29,57.0,318.0
30,59.0,20093.0
31,60.0,331.0
32,61.0,336.0
33,62.0,15763.0
34,63.0,340.0
35,65.0,365.0
36,67.0,367.0
37,69.0,371.0
38,70.0,373.0
39,72.0,31843.0
40,73.0,5018.0
41,74.0,6148.0
42,75.0,9515.0
43,76.0,405.0
44,77.0,409.0
45,78.0,411.0
46,79.0,415.0
47,3657.0,23293.0
48,82.0,436.0
49,1203.0,7087.0
50,89.0,16962.0
51,123.0,598.0
52,91.0,470.0
53,94.0,475.0
54,98.0,485.0
55,101.0,489.0
56,102.0,500.0
57,103.0,502.0
58,105.0,511.0
59,107.0,514.0
60,108.0,546.0
61,109.0,556.0
62,110.0,559.0
63,132.0,471.0
64,122.0,6654.0
65,124.0,617.0
66,2492.0,15901.0
67,766.0,4762.0
68,128.0,628.0
69,129.0,630.0
70,130.0,634.0
71,4452.0,28877.0
72,137.0,658.0
73,139.0,673.0
74,140.0,690.0
75,142.0,725.0
76,144.0,730.0
77,145.0,729.0
78,146.0,754.0
79,147.0,25590.0
80,148.0,765.0
81,149.0,770.0
82,150.0,785.0
83,155.0,830.0
84,156.0,17128.0
85,2539.0,5618.0
86,162.0,832.0
87,165.0,843.0
88,166.0,864.0
89,168.0,1569.0
90,2933.0,15409.0
91,171.0,879.0
92,172.0,895.0
93,173.0,906.0
94,176.0,922.0
95,177.0,931.0
96,179.0,932.0
97,183.0,956.0
98,639.0,3762.0
99,185.0,962.0
100,186.0,971.0
101,187.0,1162.0
102,188.0,978.0
103,189.0,991.0
104,191.0,1019.0
105,194.0,15735.0
106,1955.0,11809.0
107,196.0,13.0
108,197.0,24764.0
109,198.0,32025.0
110,199.0,1033.0
111,200.0,1034.0
112,201.0,4619.0
113,202.0,1047.0
114,203.0,1060.0
115,776.0,4798.0
116,206.0,1070.0
117,207.0,1075.0
118,210.0,1082.0
119,211.0,1086.0
120,212.0,1092.0
121,213.0,1097.0
122,214.0,1010.0
123,215.0,1104.0
124,219.0,32057.0
125,413.0,2196.0
126,224.0,22822.0
127,848.0,1234.0
128,228.0,21505.0
129,229.0,1164.0
130,231.0,1169.0
131,233.0,21605.0
132,3143.0,20199.0
133,1419.0,8379.0
134,236.0,1174.0
135,237.0,1176.0
136,239.0,1183.0
137,242.0,1200.0
138,244.0,1222.0
139,246.0,1238.0
140,249.0,1242.0
141,251.0,1243.0
142,254.0,1261.0
143,256.0,1266.0
144,257.0,1270.0
145,258.0,1277.0
146,261.0,1293.0
147,275.0,1358.0
148,265.0,1317.0
149,267.0,1326.0
150,268.0,1328.0
151,269.0,1330.0
152,270.0,1340.0
153,272.0,1346.0
154,273.0,16892.0
155,274.0,1356.0
156,276.0,1365.0
157,279.0,1366.0
158,280.0,1404.0
159,281.0,1371.0
160,283.0,1392.0
161,284.0,1399.0
162,286.0,3109.0
163,287.0,1427.0
164,288.0,1439.0
165,289.0,1455.0
166,291.0,1471.0
167,293.0,1512.0
168,296.0,1541.0
169,298.0,1552.0
170,301.0,494.0
171,3257.0,21006.0
172,4136.0,488.0
173,305.0,1573.0
174,306.0,25582.0
175,307.0,1597.0
176,308.0,1602.0
177,309.0,1606.0
178,310.0,1616.0
179,311.0,1623.0
180,312.0,1624.0
181,313.0,1630.0
182,316.0,1656.0
183,317.0,1657.0
184,318.0,1658.0
185,324.0,30222.0
186,326.0,1709.0
187,330.0,1720.0
188,331.0,1732.0
189,332.0,1687.0
190,333.0,1745.0
191,336.0,1236.0
192,338.0,1776.0
193,339.0,17950.0
194,342.0,1782.0
195,4328.0,28179.0
196,350.0,30788.0
197,351.0,495.0
198,353.0,1785.0
199,354.0,30603.0
200,355.0,1812.0
201,356.0,25091.0
202,357.0,2261.0
203,382.0,2019.0
204,360.0,1844.0
205,361.0,1850.0
206,362.0,29317.0
207,4541.0,29441.0
208,364.0,1863.0
209,365.0,1879.0
210,366.0,2266.0
211,367.0,1908.0
212,369.0,1922.0
213,370.0,1925.0
214,722.0,4528.0
215,373.0,1946.0
216,376.0,1928.0
217,378.0,1990.0
218,380.0,2000.0
219,1827.0,2034.0
220,385.0,2035.0
221,386.0,2036.0
222,387.0,2044.0
223,388.0,2055.0
224,389.0,2058.0
225,390.0,2060.0
226,391.0,2062.0
227,392.0,2065.0
228,2108.0,13374.0
229,394.0,2074.0
230,396.0,2089.0
231,397.0,2115.0
232,398.0,2119.0
233,400.0,12207.0
234,401.0,2137.0
235,402.0,13737.0
236,403.0,2157.0
237,404.0,2048.0
238,2432.0,15395.0
239,406.0,2170.0
240,410.0,2174.0
241,411.0,2175.0
242,412.0,2183.0
243,414.0,2219.0
244,415.0,2235.0
245,416.0,30010.0
246,417.0,2257.0
247,419.0,2260.0
248,421.0,2264.0
249,422.0,2270.0
250,423.0,2078.0
251,427.0,2316.0
252,428.0,2318.0
253,432.0,1802.0
254,434.0,2586.0
255,435.0,2374.0
256,1030.0,4519.0
257,443.0,9955.0
258,444.0,9954.0
259,447.0,30622.0
260,4479.0,29016.0
261,461.0,25180.0
262,452.0,2490.0
263,457.0,2544.0
264,454.0,2511.0
265,455.0,2514.0
266,459.0,2552.0
267,460.0,2556.0
268,463.0,2592.0
269,464.0,2613.0
270,465.0,2614.0
271,468.0,2633.0
272,474.0,2612.0
273,469.0,2658.0
274,470.0,2665.0
275,471.0,20517.0
276,3811.0,24110.0
277,473.0,8016.0
278,475.0,2714.0
279,476.0,2728.0
280,477.0,2745.0
281,478.0,2753.0
282,480.0,2772.0
283,481.0,2788.0
284,482.0,2806.0
285,483.0,2807.0
286,484.0,2818.0
287,485.0,2817.0
288,486.0,2484.0
289,487.0,2749.0
290,498.0,3807.0
291,502.0,20654.0
292,503.0,2823.0
293,504.0,2834.0
294,505.0,2839.0
295,506.0,2842.0
296,2567.0,13493.0
297,511.0,2885.0
298,512.0,2894.0
299,515.0,2914.0
300,516.0,12462.0
301,522.0,2945.0
302,530.0,14923.0
303,582.0,3207.0
304,538.0,17705.0
305,540.0,22257.0
306,542.0,2994.0
307,2807.0,4751.0
308,546.0,11129.0
309,552.0,2984.0
310,554.0,2997.0
311,555.0,3002.0
312,556.0,3023.0
313,557.0,3024.0
314,558.0,3026.0
315,559.0,4372.0
316,560.0,3053.0
317,561.0,3056.0
318,563.0,3079.0
319,564.0,3082.0
320,565.0,3084.0
321,2611.0,3115.0
322,2867.0,9475.0
323,569.0,3125.0
324,570.0,3133.0
325,572.0,3138.0
326,573.0,3143.0
327,574.0,3149.0
328,577.0,3180.0
329,578.0,3099.0
330,583.0,3203.0
331,585.0,9404.0
332,586.0,15217.0
333,587.0,3209.0
334,589.0,3212.0
335,615.0,3425.0
336,593.0,3244.0
337,594.0,3252.0
338,595.0,3257.0
339,596.0,3269.0
340,597.0,3270.0
341,598.0,3314.0
342,599.0,3323.0
343,600.0,3328.0
344,601.0,3332.0
345,602.0,3347.0
346,603.0,3359.0
347,605.0,3378.0
348,606.0,3381.0
349,3779.0,23922.0
350,608.0,3390.0
351,609.0,3396.0
352,610.0,3400.0
353,611.0,18779.0
354,614.0,3423.0
355,617.0,3440.0
356,619.0,3514.0
357,620.0,3527.0
358,621.0,3546.0
359,623.0,3548.0
360,624.0,3577.0
361,625.0,3576.0
362,627.0,3607.0
363,629.0,3630.0
364,630.0,30602.0
365,631.0,3664.0
366,632.0,3667.0
367,634.0,3581.0
368,637.0,3710.0
369,638.0,3761.0
370,640.0,3802.0
371,642.0,16834.0
372,643.0,3882.0
373,644.0,3883.0
374,645.0,3886.0
375,646.0,3905.0
376,647.0,3922.0
377,648.0,3958.0
378,653.0,3998.0
379,654.0,4016.0
380,655.0,4036.0
381,656.0,4038.0
382,657.0,4044.0
383,660.0,13170.0
384,661.0,3881.0
385,663.0,4137.0
386,664.0,4161.0
387,665.0,22981.0
388,667.0,4180.0
389,668.0,4184.0
390,669.0,1811.0
391,670.0,28676.0
392,671.0,30900.0
393,672.0,4238.0
394,673.0,4240.0
395,674.0,4248.0
396,675.0,4249.0
397,676.0,4257.0
398,677.0,4260.0
399,682.0,4302.0
400,683.0,4326.0
401,684.0,4329.0
402,685.0,17420.0
403,686.0,4339.0
404,687.0,4349.0
405,688.0,4369.0
406,691.0,4404.0
407,693.0,1806.0
408,694.0,2106.0
409,695.0,2112.0
410,696.0,2285.0
411,697.0,3254.0
412,698.0,3572.0
413,699.0,3675.0
414,700.0,4334.0
415,703.0,4332.0
416,702.0,4335.0
417,704.0,4432.0
418,708.0,29928.0
419,709.0,20485.0
420,715.0,4822.0
421,1527.0,30194.0
422,718.0,4509.0
423,719.0,4512.0
424,720.0,4514.0
425,721.0,4515.0
426,723.0,6003.0
427,725.0,4540.0
428,727.0,9498.0
429,2229.0,13670.0
430,832.0,5119.0
431,2821.0,18442.0
432,746.0,4665.0
433,735.0,4584.0
434,736.0,4587.0
435,740.0,4601.0
436,741.0,4617.0
437,742.0,4636.0
438,836.0,5161.0
439,747.0,4676.0
440,748.0,4678.0
441,759.0,4742.0
442,753.0,10571.0
443,754.0,29941.0
444,755.0,4724.0
445,756.0,4726.0
446,757.0,4737.0
447,758.0,4738.0
448,3838.0,24375.0
449,767.0,4761.0
450,768.0,24908.0
451,769.0,4768.0
452,770.0,4769.0
453,771.0,4776.0
454,772.0,4777.0
455,774.0,4785.0
456,775.0,4796.0
457,777.0,4752.0
458,778.0,4818.0
459,4338.0,4496.0
460,780.0,4830.0
461,781.0,4839.0
462,783.0,21985.0
463,784.0,4848.0
464,785.0,4849.0
465,786.0,4871.0
466,787.0,4886.0
467,789.0,4896.0
468,792.0,4903.0
469,793.0,18176.0
470,841.0,5187.0
471,795.0,4906.0
472,796.0,4907.0
473,797.0,4910.0
474,802.0,30718.0
475,3906.0,25274.0
476,807.0,4949.0
477,2262.0,17573.0
478,811.0,4964.0
479,813.0,4976.0
480,814.0,4994.0
481,815.0,5002.0
482,816.0,5004.0
483,822.0,5046.0
484,825.0,5076.0
485,827.0,5086.0
486,829.0,5104.0
487,830.0,31115.0
488,831.0,5114.0
489,833.0,5125.0
490,834.0,5128.0
491,835.0,5195.0
492,839.0,5153.0
493,843.0,30457.0
494,846.0,5210.0
495,847.0,5219.0
496,849.0,5227.0
497,851.0,5226.0
498,854.0,5249.0
499,855.0,5258.0
500,856.0,5259.0
501,857.0,5269.0
502,860.0,5283.0
503,861.0,24937.0
504,863.0,5289.0
505,864.0,8323.0
506,865.0,5291.0
507,866.0,5298.0
508,867.0,5301.0
509,868.0,28319.0
510,870.0,5327.0
511,872.0,5343.0
512,876.0,8321.0
513,882.0,5377.0
514,883.0,18124.0
515,885.0,16492.0
516,886.0,6314.0
517,887.0,5389.0
518,888.0,5394.0
519,889.0,5396.0
520,891.0,5405.0
521,893.0,5408.0
522,894.0,5409.0
523,895.0,5419.0
524,896.0,5422.0
525,2278.0,6874.0
526,898.0,5431.0
527,899.0,5425.0
528,901.0,26010.0
529,902.0,5495.0
530,903.0,5520.0
531,904.0,5532.0
532,907.0,5536.0
533,908.0,5538.0
534,909.0,5547.0
535,910.0,5556.0
536,911.0,5583.0
537,912.0,5585.0
538,914.0,5596.0
539,915.0,5597.0
540,916.0,5629.0
541,917.0,5650.0
542,918.0,5691.0
543,919.0,5741.0
544,920.0,5756.0
545,921.0,5767.0
546,923.0,5770.0
547,925.0,5774.0
548,926.0,17571.0
549,927.0,5779.0
550,928.0,5780.0
551,930.0,5795.0
552,931.0,5765.0
553,934.0,5813.0
554,935.0,5816.0
555,938.0,5845.0
556,940.0,30288.0
557,941.0,5613.0
558,942.0,5859.0
559,1840.0,30536.0
560,948.0,5868.0
561,949.0,5875.0
562,951.0,5882.0
563,952.0,5883.0
564,3962.0,25217.0
565,954.0,6318.0
566,956.0,5902.0
567,961.0,5930.0
568,962.0,5937.0
569,964.0,5959.0
570,965.0,28144.0
571,968.0,5986.0
572,971.0,6010.0
573,972.0,6019.0
574,976.0,6024.0
575,979.0,6043.0
576,980.0,6045.0
577,982.0,6064.0
578,983.0,6065.0
579,984.0,19602.0
580,986.0,30624.0
581,993.0,6066.0
582,990.0,20470.0
583,1027.0,6146.0
584,1012.0,5345.0
585,1013.0,6127.0
586,1015.0,6391.0
587,1053.0,6188.0
588,1018.0,6144.0
589,1619.0,9489.0
590,1092.0,6357.0
591,1023.0,24152.0
592,1033.0,6155.0
593,1034.0,6156.0
594,1035.0,6158.0
595,3972.0,25225.0
596,1039.0,21007.0
597,1040.0,1190.0
598,1041.0,16947.0
599,1685.0,10091.0
600,1046.0,6142.0
601,1049.0,6176.0
602,1050.0,6178.0
603,1052.0,6187.0
604,1054.0,6205.0
605,1055.0,6206.0
606,1057.0,6212.0
607,1058.0,6220.0
608,1060.0,6228.0
609,1061.0,6229.0
610,1066.0,6244.0
611,1067.0,6208.0
612,2487.0,19358.0
613,1077.0,6309.0
614,1078.0,6286.0
615,1079.0,6292.0
616,1080.0,6295.0
617,1081.0,6296.0
618,1082.0,6301.0
619,1083.0,6302.0
620,1483.0,8633.0
621,1085.0,6310.0
622,1086.0,6311.0
623,1087.0,6320.0
624,1090.0,21848.0
625,1091.0,6340.0
626,1097.0,6393.0
627,1099.0,6413.0
628,1101.0,496.0
629,2753.0,7394.0
630,1104.0,6452.0
631,1105.0,6453.0
632,1106.0,6456.0
633,1107.0,6465.0
634,1111.0,6503.0
635,1114.0,6404.0
636,1116.0,6572.0
637,1117.0,5171.0
638,1119.0,6593.0
639,1120.0,6592.0
640,1121.0,6749.0
641,1124.0,10626.0
642,1125.0,6643.0
643,1127.0,6644.0
644,1132.0,30256.0
645,1133.0,24866.0
646,1135.0,26944.0
647,1137.0,20525.0
648,1141.0,6674.0
649,3327.0,6678.0
650,1147.0,6685.0
651,1148.0,6689.0
652,1150.0,6690.0
653,1151.0,6694.0
654,1152.0,66.0
655,1153.0,6701.0
656,1156.0,12466.0
657,1157.0,6722.0
658,1158.0,6732.0
659,1160.0,6750.0
660,1161.0,6752.0
661,1162.0,6753.0
662,3578.0,18162.0
663,1166.0,29067.0
664,1168.0,23213.0
665,1169.0,6838.0
666,1170.0,6839.0
667,1171.0,6850.0
668,1172.0,6870.0
669,1174.0,6884.0
670,1177.0,6906.0
671,1180.0,11067.0
672,1181.0,6970.0
673,1182.0,6998.0
674,1185.0,7028.0
675,1187.0,22254.0
676,1192.0,17248.0
677,1193.0,7076.0
678,1195.0,29921.0
679,1196.0,29919.0
680,1197.0,20783.0
681,1198.0,25234.0
682,1202.0,30671.0
683,1208.0,7106.0
684,1209.0,7118.0
685,1210.0,7120.0
686,1211.0,7121.0
687,1213.0,7141.0
688,1214.0,25399.0
689,1215.0,28405.0
690,1216.0,2729.0
691,1217.0,7160.0
692,1222.0,7165.0
693,3756.0,23854.0
694,1226.0,7184.0
695,1227.0,7198.0
696,1228.0,4427.0
697,1229.0,7208.0
698,1230.0,7203.0
699,1231.0,7221.0
700,1232.0,7239.0
701,1233.0,7250.0
702,1234.0,7253.0
703,1236.0,7261.0
704,1237.0,9254.0
705,1238.0,7307.0
706,1239.0,7309.0
707,1240.0,16400.0
708,1242.0,7323.0
709,1244.0,7333.0
710,1245.0,7342.0
711,1247.0,7366.0
712,1248.0,7378.0
713,1250.0,7384.0
714,1251.0,7398.0
715,1253.0,7421.0
716,1254.0,7423.0
717,1255.0,7431.0
718,1257.0,7453.0
719,1258.0,7475.0
720,1260.0,7480.0
721,1261.0,7481.0
722,1262.0,7482.0
723,1263.0,7514.0
724,1264.0,7544.0
725,1265.0,7548.0
726,1266.0,27149.0
727,1267.0,7595.0
728,1268.0,7596.0
729,1269.0,7598.0
730,1270.0,7597.0
731,1271.0,20451.0
732,1272.0,7657.0
733,1273.0,7678.0
734,1274.0,7686.0
735,1275.0,24674.0
736,1276.0,7699.0
737,1277.0,11858.0
738,1280.0,7718.0
739,1281.0,7745.0
740,1282.0,7748.0
741,1283.0,7775.0
742,1285.0,11513.0
743,1289.0,32368.0
744,1292.0,16907.0
745,1294.0,7841.0
746,1296.0,7888.0
747,1298.0,7889.0
748,1301.0,7890.0
749,1304.0,5005.0
750,1314.0,30615.0
751,1318.0,7956.0
752,1319.0,7960.0
753,1320.0,7961.0
754,1321.0,7969.0
755,1322.0,7983.0
756,1324.0,11938.0
757,1325.0,11406.0
758,1327.0,8013.0
759,1329.0,3969.0
760,1333.0,8030.0
761,1334.0,8036.0
762,2947.0,19079.0
763,1337.0,8057.0
764,1338.0,8060.0
765,1340.0,8129.0
766,1342.0,8148.0
767,1343.0,8156.0
768,1349.0,20002.0
769,1353.0,8219.0
770,1351.0,8203.0
771,1358.0,8231.0
772,1359.0,8244.0
773,1364.0,8257.0
774,1366.0,13980.0
775,1367.0,21083.0
776,1368.0,8260.0
777,1375.0,8277.0
778,1376.0,8276.0
779,1378.0,8290.0
780,1379.0,8291.0
781,1381.0,8299.0
782,1382.0,14896.0
783,1383.0,8310.0
784,1389.0,8322.0
785,1390.0,8324.0
786,1391.0,8326.0
787,1392.0,8331.0
788,1393.0,8339.0
789,1394.0,8340.0
790,1395.0,8341.0
791,1397.0,8347.0
792,1400.0,17685.0
793,1405.0,8352.0
794,3056.0,11872.0
795,1416.0,8369.0
796,1417.0,8374.0
797,1418.0,19580.0
798,1420.0,8380.0
799,1424.0,8382.0
800,1423.0,8384.0
801,1426.0,8391.0
802,1430.0,8405.0
803,1432.0,8423.0
804,1434.0,8427.0
805,1439.0,8431.0
806,1554.0,29887.0
807,1456.0,8508.0
808,4008.0,25391.0
809,1449.0,8477.0
810,1450.0,1.0
811,1452.0,8493.0
812,1453.0,8500.0
813,1454.0,8501.0
814,1455.0,8507.0
815,1458.0,12490.0
816,1459.0,8520.0
817,1460.0,8529.0
818,1461.0,8531.0
819,1465.0,8541.0
820,1466.0,8544.0
821,1467.0,8552.0
822,1468.0,8559.0
823,1469.0,8561.0
824,1470.0,8564.0
825,1473.0,8567.0
826,1476.0,8583.0
827,1477.0,5006.0
828,1480.0,8629.0
829,1485.0,19412.0
830,1488.0,8651.0
831,1489.0,8658.0
832,1490.0,8661.0
833,1492.0,8670.0
834,1494.0,8699.0
835,1495.0,8708.0
836,1497.0,8713.0
837,1498.0,27139.0
838,1499.0,8716.0
839,1500.0,8723.0
840,1501.0,5156.0
841,1502.0,8741.0
842,1503.0,7979.0
843,1505.0,23934.0
844,1507.0,26247.0
845,1513.0,8790.0
846,1525.0,6675.0
847,1528.0,8362.0
848,1530.0,8832.0
849,1533.0,8857.0
850,1534.0,8870.0
851,1535.0,8923.0
852,1537.0,8951.0
853,1539.0,18175.0
854,1541.0,8976.0
855,1542.0,8989.0
856,1543.0,24850.0
857,1545.0,9027.0
858,1547.0,9031.0
859,1548.0,9041.0
860,1550.0,9051.0
861,1551.0,9054.0
862,1552.0,9075.0
863,1555.0,9085.0
864,1556.0,23027.0
865,1557.0,9090.0
866,1560.0,9111.0
867,1561.0,9112.0
868,1562.0,9114.0
869,1567.0,9128.0
870,1568.0,9130.0
871,1569.0,9133.0
872,1570.0,9137.0
873,1571.0,9136.0
874,1573.0,9154.0
875,4459.0,28780.0
876,1578.0,9167.0
877,1580.0,9177.0
878,1582.0,9203.0
879,1583.0,9205.0
880,1591.0,9230.0
881,1592.0,9231.0
882,1593.0,21496.0
883,1594.0,9241.0
884,1595.0,9255.0
885,1596.0,9273.0
886,1599.0,9296.0
887,1604.0,9319.0
888,1605.0,9334.0
889,1606.0,9053.0
890,1607.0,9371.0
891,1608.0,9383.0
892,1609.0,9396.0
893,1610.0,9417.0
894,1612.0,22980.0
895,1617.0,7136.0
896,1621.0,9505.0
897,1623.0,9536.0
898,1624.0,16963.0
899,1627.0,9562.0
900,1632.0,8164.0
901,1633.0,9650.0
902,1635.0,9656.0
903,1636.0,9680.0
904,1637.0,9685.0
905,1639.0,9698.0
906,1641.0,9736.0
907,1644.0,9786.0
908,1646.0,9825.0
909,1647.0,9851.0
910,1648.0,9854.0
911,1651.0,9863.0
912,1653.0,9866.0
913,2745.0,18253.0
914,1657.0,9947.0
915,1659.0,9948.0
916,1662.0,9959.0
917,1663.0,9974.0
918,1664.0,9976.0
919,1667.0,9983.0
920,1670.0,4241.0
921,1671.0,10029.0
922,4238.0,27362.0
923,1675.0,8982.0
924,1676.0,10039.0
925,1677.0,10040.0
926,1678.0,10045.0
927,1679.0,10036.0
928,1919.0,11615.0
929,1686.0,10093.0
930,4731.0,10102.0
931,1688.0,10104.0
932,1690.0,10108.0
933,1692.0,10118.0
934,1696.0,10155.0
935,1697.0,9454.0
936,1698.0,10161.0
937,1699.0,10194.0
938,1730.0,10307.0
939,1707.0,10216.0
940,1708.0,10222.0
941,1713.0,10233.0
942,1714.0,10234.0
943,1715.0,10236.0
944,1716.0,10238.0
945,1727.0,10285.0
946,1728.0,10293.0
947,1729.0,10296.0
948,1733.0,10347.0
949,1736.0,10366.0
950,1738.0,10395.0
951,1739.0,13220.0
952,1741.0,14717.0
953,1749.0,21946.0
954,1751.0,17142.0
955,1753.0,4518.0
956,1756.0,16493.0
957,1757.0,10434.0
958,1758.0,10437.0
959,1759.0,10445.0
960,2243.0,13721.0
961,1762.0,10479.0
962,1763.0,10495.0
963,1765.0,10501.0
964,1766.0,10503.0
965,1767.0,9129.0
966,1769.0,31422.0
967,1770.0,10518.0
968,1773.0,10536.0
969,1774.0,28837.0
970,1777.0,10540.0
971,1780.0,10588.0
972,1781.0,10583.0
973,1786.0,10649.0
974,1788.0,10665.0
975,1789.0,10672.0
976,1790.0,10685.0
977,1791.0,10691.0
978,1792.0,10714.0
979,1794.0,10718.0
980,1796.0,10733.0
981,1798.0,10736.0
982,1799.0,24941.0
983,1800.0,10763.0
984,1801.0,10766.0
985,1802.0,10771.0
986,1803.0,10773.0
987,1808.0,10829.0
988,1809.0,10855.0
989,1810.0,10860.0
990,1811.0,10875.0
991,1812.0,10877.0
992,1813.0,10881.0
993,1816.0,10902.0
994,1817.0,10903.0
995,1818.0,10909.0
996,1820.0,10915.0
997,1821.0,10938.0
998,1823.0,10972.0
999,1824.0,11004.0
1000,1825.0,11027.0
1001,1828.0,16992.0
1002,1829.0,11064.0
1003,1830.0,11068.0
1004,1831.0,11078.0
1005,1832.0,11079.0
1006,1834.0,11085.0
1007,1836.0,11091.0
1008,1837.0,5368.0
1009,1838.0,17655.0
1010,1847.0,11148.0
1011,1848.0,24852.0
1012,1849.0,11154.0
1013,1850.0,11159.0
1014,1852.0,11184.0
1015,1855.0,11213.0
1016,4200.0,31882.0
1017,1865.0,11262.0
1018,1866.0,11287.0
1019,1867.0,11286.0
1020,1870.0,11312.0
1021,1871.0,11339.0
1022,1872.0,11350.0
1023,1873.0,11359.0
1024,1876.0,25473.0
1025,1877.0,5964.0
1026,1880.0,11405.0
1027,1882.0,11436.0
1028,1884.0,11473.0
1029,1885.0,12277.0
1030,1886.0,11480.0
1031,1887.0,11481.0
1032,1888.0,11482.0
1033,1889.0,11488.0
1034,1891.0,11489.0
1035,1892.0,11490.0
1036,1893.0,11499.0
1037,1895.0,11508.0
1038,1897.0,5183.0
1039,1901.0,11525.0
1040,1902.0,11541.0
1041,1903.0,11548.0
1042,1905.0,11555.0
1043,1909.0,11558.0
1044,1910.0,11559.0
1045,1914.0,11577.0
1046,1915.0,11588.0
1047,1916.0,11590.0
1048,1917.0,11612.0
1049,1918.0,11613.0
1050,1921.0,10499.0
1051,1925.0,10848.0
1052,1923.0,10976.0
1053,1924.0,10975.0
1054,1926.0,10849.0
1055,1927.0,10986.0
1056,1928.0,10275.0
1057,1930.0,1715.0
1058,1931.0,3747.0
1059,1932.0,4492.0
1060,3390.0,6279.0
1061,1934.0,10124.0
1062,1936.0,12870.0
1063,1937.0,19818.0
1064,1938.0,28054.0
1065,1939.0,28564.0
1066,4700.0,30453.0
1067,3730.0,8706.0
1068,1944.0,11681.0
1069,1945.0,11683.0
1070,1947.0,11993.0
1071,1948.0,11722.0
1072,1949.0,11721.0
1073,1950.0,11719.0
1074,1951.0,11737.0
1075,1952.0,11742.0
1076,1953.0,11751.0
1077,1956.0,11856.0
1078,1958.0,11869.0
1079,1959.0,11891.0
1080,1960.0,11915.0
1081,1961.0,11917.0
1082,1962.0,11918.0
1083,1963.0,11933.0
1084,1964.0,11959.0
1085,1965.0,11962.0
1086,1972.0,11997.0
1087,1973.0,11998.0
1088,1974.0,12034.0
1089,1975.0,12045.0
1090,1977.0,12073.0
1091,1978.0,12096.0
1092,1979.0,12106.0
1093,1980.0,12114.0
1094,1981.0,12144.0
1095,1982.0,24523.0
1096,1983.0,12193.0
1097,1987.0,12289.0
1098,1988.0,12297.0
1099,1989.0,12299.0
1100,1990.0,12313.0
1101,1991.0,9833.0
1102,1994.0,12415.0
1103,1995.0,12428.0
1104,1996.0,12430.0
1105,2004.0,12491.0
1106,2005.0,12500.0
1107,2006.0,12503.0
1108,2007.0,12520.0
1109,2008.0,12523.0
1110,2009.0,30621.0
1111,2010.0,12578.0
1112,2011.0,12581.0
1113,3404.0,21979.0
1114,2014.0,7405.0
1115,2015.0,11491.0
1116,2016.0,2691.0
1117,2017.0,12597.0
1118,2931.0,18943.0
1119,2659.0,17328.0
1120,2021.0,12598.0
1121,2022.0,12602.0
1122,2023.0,12604.0
1123,2024.0,12611.0
1124,2025.0,12613.0
1125,2031.0,1274.0
1126,2032.0,28253.0
1127,2033.0,12619.0
1128,2036.0,12648.0
1129,2037.0,12654.0
1130,2038.0,12666.0
1131,2039.0,12668.0
1132,2040.0,12669.0
1133,2042.0,12681.0
1134,3969.0,12687.0
1135,2044.0,11504.0
1136,2950.0,19077.0
1137,2046.0,19373.0
1138,2047.0,19679.0
1139,2048.0,21732.0
1140,2049.0,12705.0
1141,2050.0,12706.0
1142,2052.0,22833.0
1143,2056.0,12859.0
1144,2057.0,14263.0
1145,2058.0,12887.0
1146,2059.0,12902.0
1147,2064.0,13022.0
1148,2065.0,13023.0
1149,2069.0,13100.0
1150,2068.0,13051.0
1151,2071.0,16944.0
1152,2072.0,13111.0
1153,2073.0,13114.0
1154,2081.0,13160.0
1155,2084.0,13190.0
1156,2086.0,13199.0
1157,2087.0,13208.0
1158,2088.0,13226.0
1159,2092.0,13252.0
1160,2093.0,13283.0
1161,2094.0,13287.0
1162,2095.0,13301.0
1163,2101.0,11862.0
1164,2102.0,12143.0
1165,2103.0,12147.0
1166,2104.0,12761.0
1167,2105.0,12998.0
1168,2106.0,12685.0
1169,2107.0,13372.0
1170,2109.0,13376.0
1171,2112.0,2051.0
1172,2118.0,13396.0
1173,2122.0,15993.0
1174,2125.0,954.0
1175,2128.0,13442.0
1176,2129.0,13447.0
1177,2131.0,25694.0
1178,2132.0,13468.0
1179,2133.0,13469.0
1180,2134.0,13471.0
1181,2139.0,708.0
1182,2142.0,13503.0
1183,2143.0,13509.0
1184,2144.0,13508.0
1185,2147.0,23142.0
1186,2148.0,2294.0
1187,3911.0,13604.0
1188,2157.0,21680.0
1189,2158.0,13542.0
1190,2159.0,13543.0
1191,2160.0,13545.0
1192,3188.0,20530.0
1193,3325.0,21633.0
1194,2168.0,1240.0
1195,2172.0,13555.0
1196,3217.0,20691.0
1197,2182.0,10416.0
1198,2186.0,13569.0
1199,2190.0,13577.0
1200,2193.0,13585.0
1201,2196.0,13589.0
1202,2197.0,13595.0
1203,2209.0,13617.0
1204,2211.0,13619.0
1205,2212.0,194.0
1206,2216.0,13630.0
1207,2217.0,13631.0
1208,2218.0,13633.0
1209,2219.0,13640.0
1210,2225.0,13655.0
1211,2228.0,13668.0
1212,2230.0,13671.0
1213,2231.0,13676.0
1214,2233.0,13684.0
1215,2237.0,13694.0
1216,2238.0,13697.0
1217,2240.0,13699.0
1218,2241.0,13704.0
1219,2242.0,22338.0
1220,2245.0,25158.0
1221,2246.0,13733.0
1222,2247.0,13735.0
1223,2248.0,13743.0
1224,2249.0,13745.0
1225,2250.0,27069.0
1226,2252.0,13784.0
1227,2255.0,13814.0
1228,2259.0,13822.0
1229,2260.0,13831.0
1230,2261.0,13875.0
1231,2263.0,13925.0
1232,2264.0,13927.0
1233,2265.0,13832.0
1234,2266.0,13930.0
1235,2267.0,13934.0
1236,2268.0,13956.0
1237,2270.0,13965.0
1238,2271.0,128.0
1239,2275.0,13987.0
1240,4475.0,28994.0
1241,2277.0,13999.0
1242,2281.0,14032.0
1243,2282.0,14083.0
1244,2285.0,14093.0
1245,2286.0,14094.0
1246,2287.0,14097.0
1247,2288.0,14107.0
1248,2289.0,14110.0
1249,2291.0,14117.0
1250,2292.0,14118.0
1251,2294.0,14129.0
1252,2295.0,7689.0
1253,2299.0,14133.0
1254,2300.0,14144.0
1255,2302.0,14164.0
1256,2305.0,14181.0
1257,2306.0,14185.0
1258,2307.0,14188.0
1259,2308.0,14201.0
1260,2309.0,14211.0
1261,2310.0,13869.0
1262,2311.0,13884.0
1263,2312.0,13914.0
1264,2313.0,13915.0
1265,2315.0,14218.0
1266,2316.0,14220.0
1267,2317.0,14226.0
1268,2318.0,14243.0
1269,2319.0,14246.0
1270,2320.0,14262.0
1271,2321.0,14269.0
1272,2322.0,14300.0
1273,2323.0,14305.0
1274,2324.0,3963.0
1275,2325.0,14321.0
1276,2326.0,14322.0
1277,2327.0,14358.0
1278,2328.0,14359.0
1279,2330.0,14360.0
1280,2331.0,15398.0
1281,2335.0,14396.0
1282,2336.0,14400.0
1283,2337.0,14402.0
1284,2338.0,14412.0
1285,2340.0,14419.0
1286,2341.0,14433.0
1287,2344.0,18673.0
1288,2345.0,22914.0
1289,2346.0,14476.0
1290,2348.0,14508.0
1291,2349.0,14524.0
1292,2350.0,14535.0
1293,2355.0,14552.0
1294,2352.0,14543.0
1295,2353.0,14545.0
1296,2354.0,14550.0
1297,2356.0,14573.0
1298,2358.0,14604.0
1299,2359.0,14606.0
1300,2360.0,14607.0
1301,2361.0,14611.0
1302,2362.0,14612.0
1303,2363.0,14617.0
1304,2364.0,14620.0
1305,2366.0,14637.0
1306,2369.0,14655.0
1307,2371.0,14674.0
1308,2374.0,14684.0
1309,2375.0,14727.0
1310,2376.0,14729.0
1311,2379.0,14746.0
1312,2380.0,14749.0
1313,2381.0,14751.0
1314,2384.0,14757.0
1315,2385.0,14769.0
1316,2386.0,14798.0
1317,2387.0,14812.0
1318,2388.0,14820.0
1319,2389.0,14836.0
1320,2390.0,14839.0
1321,2391.0,14853.0
1322,2392.0,14916.0
1323,2393.0,14934.0
1324,2394.0,14945.0
1325,2396.0,14976.0
1326,2399.0,14995.0
1327,2400.0,14997.0
1328,2401.0,15038.0
1329,2402.0,15051.0
1330,2404.0,14931.0
1331,2405.0,15059.0
1332,2406.0,15061.0
1333,2407.0,15066.0
1334,2408.0,24536.0
1335,2409.0,15103.0
1336,2410.0,15112.0
1337,2411.0,15125.0
1338,2412.0,15142.0
1339,2413.0,15149.0
1340,2414.0,15152.0
1341,2415.0,15161.0
1342,2416.0,15176.0
1343,2417.0,15187.0
1344,2418.0,14485.0
1345,2420.0,15205.0
1346,2421.0,15257.0
1347,2422.0,15265.0
1348,2423.0,15271.0
1349,2424.0,15309.0
1350,2425.0,15310.0
1351,2426.0,15322.0
1352,2428.0,15353.0
1353,2433.0,15403.0
1354,2434.0,15416.0
1355,2435.0,15440.0
1356,2436.0,15456.0
1357,2437.0,9223.0
1358,2438.0,15459.0
1359,2440.0,15487.0
1360,2441.0,15432.0
1361,2442.0,15373.0
1362,2443.0,15516.0
1363,2444.0,15514.0
1364,2445.0,15561.0
1365,2446.0,15571.0
1366,2447.0,15579.0
1367,2448.0,15604.0
1368,2449.0,15621.0
1369,2451.0,15630.0
1370,2452.0,15631.0
1371,2453.0,15639.0
1372,2455.0,15640.0
1373,2457.0,15689.0
1374,2462.0,11639.0
1375,2464.0,29587.0
1376,2466.0,7483.0
1377,2469.0,15742.0
1378,2470.0,15744.0
1379,2471.0,15752.0
1380,2472.0,14233.0
1381,2474.0,15563.0
1382,2475.0,15584.0
1383,2476.0,15796.0
1384,2480.0,19881.0
1385,2483.0,15837.0
1386,2484.0,15844.0
1387,2489.0,15855.0
1388,2490.0,15860.0
1389,2491.0,15869.0
1390,2495.0,15925.0
1391,2498.0,15937.0
1392,2499.0,15949.0
1393,2500.0,15956.0
1394,2504.0,15971.0
1395,2507.0,15989.0
1396,2508.0,15991.0
1397,2509.0,26261.0
1398,2511.0,16018.0
1399,2512.0,16114.0
1400,2513.0,16117.0
1401,2514.0,16118.0
1402,2536.0,16291.0
1403,2519.0,16149.0
1404,2521.0,16173.0
1405,2522.0,16178.0
1406,2525.0,17203.0
1407,2526.0,16216.0
1408,2527.0,16217.0
1409,2528.0,16219.0
1410,3183.0,20521.0
1411,2530.0,16265.0
1412,2532.0,16269.0
1413,2533.0,16274.0
1414,2534.0,16275.0
1415,2538.0,5482.0
1416,2540.0,9986.0
1417,2541.0,16311.0
1418,2542.0,16315.0
1419,2545.0,21748.0
1420,2547.0,16337.0
1421,2548.0,16339.0
1422,2549.0,16377.0
1423,2550.0,16388.0
1424,2551.0,16401.0
1425,2552.0,16407.0
1426,2553.0,16413.0
1427,2554.0,16421.0
1428,2555.0,16427.0
1429,2556.0,16428.0
1430,2557.0,16488.0
1431,2562.0,16518.0
1432,2559.0,16506.0
1433,2560.0,16509.0
1434,2561.0,16515.0
1435,2563.0,16525.0
1436,2564.0,5982.0
1437,2565.0,8947.0
1438,2569.0,19511.0
1439,3801.0,24010.0
1440,2571.0,16539.0
1441,2572.0,16685.0
1442,2573.0,16553.0
1443,2574.0,16554.0
1444,2575.0,16562.0
1445,2576.0,16563.0
1446,2577.0,16566.0
1447,2578.0,29307.0
1448,3771.0,5356.0
1449,2581.0,16641.0
1450,2582.0,16667.0
1451,2583.0,16668.0
1452,2584.0,16669.0
1453,2585.0,16675.0
1454,2586.0,16693.0
1455,2587.0,9188.0
1456,2588.0,14401.0
1457,2818.0,18430.0
1458,2590.0,16812.0
1459,2591.0,16755.0
1460,2592.0,16628.0
1461,2594.0,16813.0
1462,2595.0,16814.0
1463,2598.0,16832.0
1464,2599.0,16841.0
1465,2600.0,16875.0
1466,2601.0,16877.0
1467,2602.0,16879.0
1468,2603.0,16896.0
1469,2604.0,16902.0
1470,2605.0,18148.0
1471,2606.0,16915.0
1472,2608.0,16929.0
1473,2612.0,16942.0
1474,2613.0,16946.0
1475,2616.0,16974.0
1476,2617.0,16975.0
1477,2618.0,16977.0
1478,2619.0,16978.0
1479,2620.0,16985.0
1480,2622.0,16994.0
1481,2624.0,17010.0
1482,2625.0,17022.0
1483,2626.0,14092.0
1484,2629.0,13846.0
1485,2632.0,17096.0
1486,2637.0,17145.0
1487,2638.0,17151.0
1488,2640.0,17165.0
1489,2641.0,17166.0
1490,2643.0,17171.0
1491,2644.0,17181.0
1492,2646.0,17216.0
1493,2647.0,17233.0
1494,2649.0,17247.0
1495,2650.0,17249.0
1496,2651.0,22917.0
1497,2658.0,17304.0
1498,2653.0,17274.0
1499,2654.0,23702.0
1500,2655.0,17282.0
1501,2657.0,17296.0
1502,2660.0,17337.0
1503,2664.0,17390.0
1504,2666.0,17401.0
1505,2667.0,17409.0
1506,2668.0,17447.0
1507,2670.0,15789.0
1508,2671.0,17187.0
1509,2672.0,17381.0
1510,2673.0,17383.0
1511,2674.0,17492.0
1512,2675.0,17509.0
1513,2676.0,17513.0
1514,2677.0,17528.0
1515,2678.0,17534.0
1516,2681.0,17553.0
1517,2682.0,17554.0
1518,2687.0,17556.0
1519,2689.0,17557.0
1520,2690.0,17558.0
1521,2691.0,17555.0
1522,2695.0,17561.0
1523,2697.0,17562.0
1524,2699.0,17580.0
1525,2700.0,17581.0
1526,2701.0,17585.0
1527,2704.0,17616.0
1528,2706.0,17647.0
1529,2786.0,18193.0
1530,2709.0,17661.0
1531,2710.0,17746.0
1532,2711.0,17686.0
1533,2714.0,17709.0
1534,2715.0,17724.0
1535,2717.0,17751.0
1536,2718.0,17752.0
1537,2719.0,17753.0
1538,2720.0,8698.0
1539,2769.0,18052.0
1540,2722.0,17761.0
1541,2723.0,10037.0
1542,2724.0,19603.0
1543,2726.0,17780.0
1544,2727.0,17793.0
1545,2728.0,17795.0
1546,2729.0,17799.0
1547,2730.0,17800.0
1548,2731.0,17817.0
1549,2732.0,17818.0
1550,2733.0,17822.0
1551,2736.0,17833.0
1552,2737.0,17838.0
1553,2738.0,17857.0
1554,2744.0,17871.0
1555,2746.0,17574.0
1556,2748.0,17914.0
1557,2750.0,17918.0
1558,2751.0,17922.0
1559,2752.0,22248.0
1560,2757.0,17966.0
1561,2759.0,24541.0
1562,2760.0,17999.0
1563,2781.0,18155.0
1564,2765.0,18016.0
1565,2766.0,18021.0
1566,2768.0,18050.0
1567,2770.0,18058.0
1568,2771.0,18067.0
1569,2777.0,18113.0
1570,2774.0,18104.0
1571,2775.0,18107.0
1572,2778.0,18117.0
1573,2779.0,22168.0
1574,2783.0,18170.0
1575,2784.0,18192.0
1576,2787.0,18194.0
1577,2789.0,32390.0
1578,2790.0,18196.0
1579,2791.0,18198.0
1580,2793.0,18204.0
1581,2794.0,23332.0
1582,2797.0,18225.0
1583,2798.0,18250.0
1584,2799.0,25185.0
1585,2800.0,18262.0
1586,2801.0,9356.0
1587,2803.0,18283.0
1588,2808.0,18332.0
1589,2809.0,18342.0
1590,2810.0,18343.0
1591,2812.0,8085.0
1592,2813.0,18394.0
1593,2814.0,18395.0
1594,2815.0,18404.0
1595,2819.0,18438.0
1596,2820.0,18439.0
1597,2822.0,18443.0
1598,2824.0,18445.0
1599,2825.0,18472.0
1600,2826.0,18474.0
1601,2827.0,28675.0
1602,2828.0,18484.0
1603,2829.0,18485.0
1604,2830.0,18486.0
1605,2831.0,18498.0
1606,2832.0,18501.0
1607,2833.0,18505.0
1608,2834.0,18515.0
1609,2835.0,18523.0
1610,2838.0,18527.0
1611,2839.0,18538.0
1612,2840.0,18542.0
1613,2841.0,18543.0
1614,2842.0,18548.0
1615,2843.0,18554.0
1616,2844.0,18555.0
1617,2847.0,18578.0
1618,2848.0,18582.0
1619,2849.0,18592.0
1620,2851.0,24457.0
1621,2852.0,18600.0
1622,2853.0,18602.0
1623,2856.0,18678.0
1624,2857.0,18670.0
1625,2858.0,18672.0
1626,2860.0,17645.0
1627,2861.0,22365.0
1628,2863.0,18683.0
1629,2864.0,1165.0
1630,2890.0,24269.0
1631,2891.0,18754.0
1632,2892.0,18774.0
1633,2893.0,18792.0
1634,2894.0,18809.0
1635,2897.0,18814.0
1636,2900.0,18835.0
1637,2911.0,19128.0
1638,2913.0,5381.0
1639,2917.0,18876.0
1640,2919.0,18890.0
1641,2920.0,18899.0
1642,2922.0,25852.0
1643,2928.0,18929.0
1644,2927.0,18437.0
1645,2930.0,18930.0
1646,2934.0,18968.0
1647,2935.0,18969.0
1648,2936.0,18974.0
1649,2940.0,19017.0
1650,3019.0,19714.0
1651,2948.0,17326.0
1652,2949.0,19096.0
1653,2952.0,19097.0
1654,2954.0,14376.0
1655,2955.0,19099.0
1656,2959.0,19131.0
1657,2960.0,19135.0
1658,2962.0,19159.0
1659,2963.0,19173.0
1660,2964.0,19205.0
1661,2965.0,19210.0
1662,2966.0,19216.0
1663,2968.0,19227.0
1664,2969.0,19231.0
1665,2971.0,19241.0
1666,2973.0,19250.0
1667,2974.0,19219.0
1668,2980.0,19291.0
1669,2976.0,19271.0
1670,2977.0,19276.0
1671,2978.0,19285.0
1672,2981.0,19292.0
1673,2982.0,19301.0
1674,2989.0,19334.0
1675,2984.0,19314.0
1676,2985.0,19320.0
1677,2988.0,19326.0
1678,2990.0,19342.0
1679,2991.0,19353.0
1680,2992.0,19356.0
1681,2993.0,19382.0
1682,2994.0,19366.0
1683,2995.0,19367.0
1684,2996.0,19369.0
1685,2997.0,16980.0
1686,3000.0,19388.0
1687,3002.0,21091.0
1688,3006.0,19410.0
1689,3007.0,19428.0
1690,3008.0,19453.0
1691,3010.0,19456.0
1692,3011.0,19468.0
1693,3012.0,19474.0
1694,3014.0,19503.0
1695,3020.0,19445.0
1696,3021.0,19515.0
1697,3022.0,19526.0
1698,3023.0,18205.0
1699,3024.0,7776.0
1700,3025.0,19542.0
1701,3026.0,19543.0
1702,3028.0,19551.0
1703,3029.0,19552.0
1704,4402.0,28604.0
1705,3031.0,29149.0
1706,3032.0,19617.0
1707,3034.0,19664.0
1708,3035.0,19669.0
1709,3036.0,10836.0
1710,3037.0,18565.0
1711,3040.0,19671.0
1712,3041.0,19672.0
1713,3043.0,19673.0
1714,3044.0,19675.0
1715,3049.0,19691.0
1716,3051.0,19705.0
1717,3053.0,19707.0
1718,3054.0,19710.0
1719,3055.0,19716.0
1720,3057.0,13575.0
1721,3060.0,24709.0
1722,3066.0,19733.0
1723,3067.0,19734.0
1724,3068.0,19748.0
1725,3070.0,17672.0
1726,3072.0,17843.0
1727,3073.0,19392.0
1728,3074.0,19547.0
1729,3075.0,19578.0
1730,3076.0,19549.0
1731,3077.0,19581.0
1732,3078.0,19583.0
1733,3079.0,19586.0
1734,3080.0,19591.0
1735,3081.0,19595.0
1736,3086.0,25672.0
1737,3087.0,3532.0
1738,3088.0,19755.0
1739,3090.0,19762.0
1740,3091.0,19763.0
1741,3092.0,19781.0
1742,3094.0,19783.0
1743,3098.0,19801.0
1744,3099.0,19817.0
1745,3101.0,19823.0
1746,3102.0,19846.0
1747,3103.0,19849.0
1748,3106.0,19863.0
1749,3107.0,921.0
1750,3110.0,19878.0
1751,3111.0,19880.0
1752,3113.0,19883.0
1753,3230.0,20855.0
1754,3118.0,19892.0
1755,3119.0,19897.0
1756,3121.0,19900.0
1757,3122.0,19917.0
1758,3123.0,19931.0
1759,3124.0,19936.0
1760,3125.0,19961.0
1761,3126.0,18497.0
1762,3131.0,20016.0
1763,3132.0,19535.0
1764,3133.0,20057.0
1765,3134.0,20069.0
1766,3136.0,20099.0
1767,3140.0,20191.0
1768,3141.0,20192.0
1769,3142.0,25669.0
1770,3144.0,20200.0
1771,3145.0,20209.0
1772,3146.0,20217.0
1773,3147.0,20220.0
1774,3148.0,20224.0
1775,3149.0,20226.0
1776,3150.0,20230.0
1777,3151.0,9953.0
1778,3153.0,20265.0
1779,3154.0,20266.0
1780,3155.0,20281.0
1781,3158.0,20292.0
1782,3161.0,20309.0
1783,3164.0,20315.0
1784,3165.0,20322.0
1785,3168.0,1684.0
1786,3172.0,20378.0
1787,3173.0,20401.0
1788,3174.0,20447.0
1789,3175.0,20452.0
1790,3178.0,20533.0
1791,3180.0,20471.0
1792,3181.0,20479.0
1793,3190.0,30706.0
1794,3186.0,6496.0
1795,3187.0,25960.0
1796,3193.0,20532.0
1797,3195.0,5204.0
1798,3196.0,9023.0
1799,3197.0,20535.0
1800,3198.0,20538.0
1801,3202.0,20540.0
1802,3203.0,20548.0
1803,3204.0,2835.0
1804,3205.0,32174.0
1805,3207.0,20565.0
1806,3209.0,20564.0
1807,3212.0,20638.0
1808,3214.0,3550.0
1809,3215.0,20681.0
1810,3216.0,20688.0
1811,3218.0,20704.0
1812,3219.0,20722.0
1813,3220.0,20728.0
1814,3221.0,20731.0
1815,3225.0,20787.0
1816,3226.0,17638.0
1817,3227.0,20820.0
1818,3231.0,20871.0
1819,3232.0,20875.0
1820,3233.0,20876.0
1821,3234.0,29799.0
1822,3235.0,20877.0
1823,3236.0,20880.0
1824,3243.0,20923.0
1825,3244.0,20930.0
1826,3248.0,20942.0
1827,3249.0,20945.0
1828,3265.0,21060.0
1829,3253.0,20986.0
1830,3256.0,21005.0
1831,3258.0,21012.0
1832,3262.0,21019.0
1833,3264.0,21050.0
1834,3266.0,21064.0
1835,3267.0,25060.0
1836,3268.0,21072.0
1837,3272.0,21097.0
1838,3273.0,21102.0
1839,3275.0,21109.0
1840,3277.0,21148.0
1841,3278.0,21153.0
1842,3279.0,21158.0
1843,3283.0,21213.0
1844,3284.0,28796.0
1845,3285.0,21238.0
1846,3286.0,21239.0
1847,3287.0,21286.0
1848,3288.0,21307.0
1849,3290.0,21342.0
1850,3291.0,21351.0
1851,3292.0,15782.0
1852,3294.0,21397.0
1853,3295.0,21433.0
1854,3297.0,21459.0
1855,3300.0,14156.0
1856,3305.0,26710.0
1857,3307.0,21474.0
1858,3308.0,21491.0
1859,3309.0,21508.0
1860,3311.0,21567.0
1861,3316.0,21580.0
1862,3317.0,21583.0
1863,3319.0,21592.0
1864,3320.0,21590.0
1865,3321.0,21599.0
1866,3322.0,21600.0
1867,3323.0,21602.0
1868,3324.0,21624.0
1869,3328.0,21643.0
1870,3330.0,4853.0
1871,3334.0,3335.0
1872,3340.0,21671.0
1873,3341.0,21672.0
1874,3343.0,21674.0
1875,3352.0,21739.0
1876,3345.0,21690.0
1877,3462.0,22354.0
1878,3347.0,21695.0
1879,3349.0,21721.0
1880,3353.0,21742.0
1881,3355.0,21750.0
1882,3360.0,21766.0
1883,3361.0,21768.0
1884,3363.0,21780.0
1885,3364.0,21781.0
1886,3365.0,21782.0
1887,3366.0,21785.0
1888,3370.0,31267.0
1889,3371.0,21834.0
1890,3387.0,21835.0
1891,3373.0,21188.0
1892,3376.0,21864.0
1893,3377.0,21873.0
1894,3378.0,21884.0
1895,3380.0,21888.0
1896,3382.0,21906.0
1897,3385.0,21918.0
1898,3386.0,21920.0
1899,3389.0,2475.0
1900,3391.0,21926.0
1901,3392.0,21927.0
1902,3395.0,21937.0
1903,3397.0,12924.0
1904,3398.0,21947.0
1905,3399.0,21949.0
1906,3401.0,22045.0
1907,3402.0,21976.0
1908,3403.0,4347.0
1909,3407.0,21990.0
1910,3410.0,22001.0
1911,3411.0,22005.0
1912,3412.0,22007.0
1913,3415.0,22033.0
1914,3416.0,22043.0
1915,3417.0,22044.0
1916,3418.0,22053.0
1917,3420.0,22056.0
1918,3421.0,22073.0
1919,3424.0,22050.0
1920,3425.0,22107.0
1921,3426.0,21853.0
1922,3427.0,22124.0
1923,3428.0,22147.0
1924,3429.0,22146.0
1925,3430.0,22144.0
1926,3431.0,22148.0
1927,3432.0,22150.0
1928,3433.0,22156.0
1929,3434.0,22164.0
1930,3435.0,22203.0
1931,3436.0,22206.0
1932,3437.0,22209.0
1933,3438.0,22215.0
1934,3440.0,13773.0
1935,3441.0,22225.0
1936,3442.0,22231.0
1937,3443.0,22235.0
1938,3444.0,22237.0
1939,3445.0,22326.0
1940,3448.0,22263.0
1941,3450.0,22288.0
1942,4753.0,30720.0
1943,3452.0,11200.0
1944,3454.0,22298.0
1945,3934.0,25021.0
1946,3456.0,2524.0
1947,3457.0,22331.0
1948,3458.0,22335.0
1949,3459.0,5022.0
1950,3461.0,22348.0
1951,3464.0,22369.0
1952,3477.0,22402.0
1953,3478.0,22403.0
1954,3479.0,22411.0
1955,3480.0,22414.0
1956,3486.0,22434.0
1957,3487.0,22435.0
1958,3489.0,22439.0
1959,3490.0,22442.0
1960,3497.0,22466.0
1961,3499.0,22479.0
1962,3501.0,25120.0
1963,3502.0,22509.0
1964,3503.0,22545.0
1965,3504.0,22564.0
1966,3509.0,22589.0
1967,3521.0,17824.0
1968,3522.0,22691.0
1969,3523.0,22697.0
1970,3594.0,25186.0
1971,3526.0,5084.0
1972,3527.0,20059.0
1973,3537.0,22731.0
1974,3529.0,27716.0
1975,3531.0,28601.0
1976,3536.0,4039.0
1977,3539.0,22766.0
1978,3540.0,22773.0
1979,3542.0,22786.0
1980,3543.0,22787.0
1981,3544.0,22789.0
1982,3545.0,22794.0
1983,3546.0,7926.0
1984,3550.0,22800.0
1985,3552.0,22810.0
1986,3553.0,22812.0
1987,3554.0,22815.0
1988,3556.0,6383.0
1989,3557.0,8300.0
1990,3558.0,17946.0
1991,3561.0,30730.0
1992,3562.0,22816.0
1993,3563.0,22817.0
1994,3564.0,22818.0
1995,3565.0,22830.0
1996,3567.0,22837.0
1997,3568.0,22836.0
1998,3569.0,22838.0
1999,3570.0,22768.0
2000,3571.0,22841.0
2001,3574.0,22866.0
2002,3575.0,22876.0
2003,3576.0,22895.0
2004,3577.0,22899.0
2005,3579.0,22627.0
2006,3580.0,22937.0
2007,3581.0,22938.0
2008,3582.0,18110.0
2009,3585.0,22947.0
2010,3588.0,22991.0
2011,3589.0,23010.0
2012,3590.0,23026.0
2013,3592.0,17158.0
2014,3593.0,23925.0
2015,3595.0,23028.0
2016,3596.0,23030.0
2017,3597.0,23050.0
2018,3600.0,23073.0
2019,3601.0,23082.0
2020,3602.0,23085.0
2021,3607.0,17341.0
2022,3609.0,23088.0
2023,3610.0,2903.0
2024,3612.0,22961.0
2025,3615.0,23123.0
2026,3616.0,23122.0
2027,3617.0,23127.0
2028,3619.0,23133.0
2029,3620.0,16050.0
2030,3621.0,30442.0
2031,3627.0,23176.0
2032,3628.0,23177.0
2033,3629.0,23178.0
2034,3635.0,25850.0
2035,3636.0,23187.0
2036,3638.0,23211.0
2037,3639.0,10755.0
2038,3640.0,24406.0
2039,3643.0,23215.0
2040,3647.0,23225.0
2041,3648.0,23227.0
2042,3649.0,23229.0
2043,3652.0,23257.0
2044,3653.0,23259.0
2045,3654.0,22671.0
2046,3655.0,21793.0
2047,3656.0,23281.0
2048,3658.0,23297.0
2049,3660.0,8172.0
2050,3661.0,23311.0
2051,3662.0,23313.0
2052,3663.0,23315.0
2053,3664.0,23327.0
2054,3668.0,23331.0
2055,3669.0,23335.0
2056,3674.0,23351.0
2057,3675.0,23356.0
2058,3676.0,23364.0
2059,3677.0,23369.0
2060,3680.0,23645.0
2061,3681.0,25121.0
2062,3682.0,23380.0
2063,3683.0,23382.0
2064,3685.0,23410.0
2065,3686.0,10378.0
2066,3688.0,23419.0
2067,3690.0,23437.0
2068,3692.0,23456.0
2069,3693.0,23472.0
2070,3695.0,23487.0
2071,3696.0,23491.0
2072,3697.0,23502.0
2073,3698.0,23511.0
2074,3699.0,23524.0
2075,3700.0,23509.0
2076,3701.0,9471.0
2077,3702.0,23535.0
2078,3703.0,21749.0
2079,3704.0,23548.0
2080,3705.0,23554.0
2081,3707.0,23566.0
2082,3708.0,23570.0
2083,3710.0,23584.0
2084,3711.0,23587.0
2085,3715.0,23643.0
2086,3717.0,22570.0
2087,3718.0,23657.0
2088,3722.0,23671.0
2089,3726.0,9492.0
2090,3727.0,28044.0
2091,3728.0,23711.0
2092,3731.0,23719.0
2093,3732.0,23728.0
2094,3738.0,23739.0
2095,3741.0,11133.0
2096,4166.0,25224.0
2097,3743.0,23799.0
2098,3745.0,23801.0
2099,3747.0,23828.0
2100,3749.0,23848.0
2101,3750.0,5010.0
2102,3751.0,28141.0
2103,3753.0,5008.0
2104,3754.0,23852.0
2105,3755.0,23853.0
2106,3757.0,23658.0
2107,3766.0,23873.0
2108,3767.0,27674.0
2109,3768.0,27672.0
2110,3769.0,27673.0
2111,3770.0,3224.0
2112,3772.0,23881.0
2113,3773.0,23888.0
2114,3776.0,23900.0
2115,3778.0,23914.0
2116,3782.0,23933.0
2117,3783.0,23938.0
2118,3785.0,23941.0
2119,3788.0,13414.0
2120,3791.0,23954.0
2121,3792.0,22971.0
2122,3793.0,23970.0
2123,3794.0,23974.0
2124,3795.0,23976.0
2125,3797.0,23995.0
2126,3798.0,23997.0
2127,3800.0,24009.0
2128,3804.0,24021.0
2129,3805.0,24031.0
2130,3808.0,17505.0
2131,3809.0,24081.0
2132,3810.0,24093.0
2133,3813.0,24119.0
2134,3814.0,25950.0
2135,3815.0,24132.0
2136,3816.0,24138.0
2137,3817.0,24145.0
2138,3818.0,24147.0
2139,3819.0,24155.0
2140,3820.0,24159.0
2141,3821.0,24164.0
2142,3822.0,24189.0
2143,3824.0,24202.0
2144,3825.0,24207.0
2145,3826.0,24212.0
2146,3828.0,24219.0
2147,3829.0,24222.0
2148,3830.0,24243.0
2149,3831.0,24258.0
2150,3832.0,24266.0
2151,3835.0,24366.0
2152,3837.0,24370.0
2153,3841.0,24396.0
2154,3842.0,24398.0
2155,3843.0,24439.0
2156,3849.0,24461.0
2157,3852.0,24466.0
2158,3853.0,24476.0
2159,3854.0,24511.0
2160,3856.0,21242.0
2161,3857.0,4438.0
2162,3858.0,24530.0
2163,3859.0,24553.0
2164,3860.0,24557.0
2165,3861.0,24573.0
2166,3862.0,24590.0
2167,3863.0,24643.0
2168,3865.0,24524.0
2169,3866.0,24525.0
2170,3868.0,24676.0
2171,3869.0,24686.0
2172,3871.0,12116.0
2173,3872.0,24169.0
2174,3873.0,24730.0
2175,3874.0,24736.0
2176,3875.0,24942.0
2177,3876.0,24742.0
2178,3877.0,24745.0
2179,3878.0,24758.0
2180,3879.0,24762.0
2181,3882.0,24783.0
2182,3883.0,24799.0
2183,3884.0,24805.0
2184,3885.0,24806.0
2185,3886.0,24816.0
2186,3887.0,24835.0
2187,3889.0,24378.0
2188,3890.0,24377.0
2189,3891.0,28806.0
2190,3892.0,24684.0
2191,3893.0,24693.0
2192,3894.0,24775.0
2193,3895.0,24776.0
2194,3897.0,29893.0
2195,3898.0,13609.0
2196,3903.0,9390.0
2197,3905.0,18180.0
2198,3907.0,24848.0
2199,3910.0,24859.0
2200,3913.0,24906.0
2201,3914.0,24907.0
2202,3915.0,24914.0
2203,3916.0,24939.0
2204,3920.0,5496.0
2205,3921.0,8663.0
2206,3922.0,11549.0
2207,3923.0,22244.0
2208,3924.0,24959.0
2209,3925.0,24958.0
2210,3927.0,25023.0
2211,3930.0,24994.0
2212,4470.0,19340.0
2213,3933.0,25018.0
2214,3937.0,25042.0
2215,3938.0,25048.0
2216,3939.0,498.0
2217,3940.0,25058.0
2218,3944.0,25074.0
2219,3945.0,25081.0
2220,3947.0,25085.0
2221,3948.0,21849.0
2222,3951.0,25112.0
2223,3953.0,25126.0
2224,3954.0,25139.0
2225,3956.0,25146.0
2226,3957.0,25156.0
2227,3958.0,25155.0
2228,3959.0,25157.0
2229,4159.0,25215.0
2230,3965.0,25187.0
2231,3967.0,30547.0
2232,3968.0,25201.0
2233,3970.0,25209.0
2234,3971.0,25211.0
2235,3973.0,25214.0
2236,3975.0,25222.0
2237,3976.0,25223.0
2238,3977.0,25244.0
2239,3979.0,25248.0
2240,3980.0,25257.0
2241,3981.0,25258.0
2242,3982.0,25267.0
2243,3983.0,25268.0
2244,3984.0,25271.0
2245,3987.0,25277.0
2246,3988.0,25308.0
2247,3989.0,25310.0
2248,3996.0,25324.0
2249,3997.0,25327.0
2250,3998.0,25344.0
2251,3999.0,25349.0
2252,4001.0,25352.0
2253,4005.0,25382.0
2254,4006.0,10371.0
2255,4007.0,14349.0
2256,4010.0,25421.0
2257,4011.0,25449.0
2258,4013.0,25477.0
2259,4014.0,25485.0
2260,4015.0,25487.0
2261,4016.0,25489.0
2262,4018.0,25506.0
2263,4019.0,25514.0
2264,4020.0,9732.0
2265,4021.0,25572.0
2266,4022.0,25647.0
2267,4023.0,25655.0
2268,4024.0,25664.0
2269,4025.0,25666.0
2270,4026.0,25667.0
2271,4028.0,25678.0
2272,4029.0,25681.0
2273,4030.0,25683.0
2274,4031.0,25690.0
2275,4033.0,16102.0
2276,4034.0,25714.0
2277,4035.0,25414.0
2278,4036.0,25441.0
2279,4037.0,25575.0
2280,4039.0,25768.0
2281,4041.0,25786.0
2282,4045.0,25806.0
2283,4046.0,25810.0
2284,4047.0,25811.0
2285,4048.0,25815.0
2286,4049.0,32269.0
2287,4051.0,25840.0
2288,4055.0,25857.0
2289,4056.0,25858.0
2290,4057.0,25860.0
2291,4058.0,25861.0
2292,4060.0,10804.0
2293,4061.0,25882.0
2294,4062.0,25883.0
2295,4063.0,25891.0
2296,4064.0,25904.0
2297,4065.0,25924.0
2298,4066.0,25940.0
2299,4068.0,25942.0
2300,4069.0,11486.0
2301,4070.0,25949.0
2302,4073.0,25974.0
2303,4074.0,25670.0
2304,4075.0,25979.0
2305,4078.0,25984.0
2306,4079.0,9686.0
2307,4080.0,25997.0
2308,4082.0,26003.0
2309,4083.0,26002.0
2310,4087.0,26030.0
2311,4088.0,26033.0
2312,4089.0,26047.0
2313,4093.0,26055.0
2314,4094.0,26103.0
2315,4101.0,26166.0
2316,4102.0,26177.0
2317,4125.0,26363.0
2318,4104.0,26189.0
2319,4105.0,26200.0
2320,4106.0,26203.0
2321,4109.0,24995.0
2322,4110.0,26250.0
2323,4111.0,26259.0
2324,4113.0,26268.0
2325,4114.0,26273.0
2326,4115.0,26280.0
2327,4117.0,26320.0
2328,4119.0,26306.0
2329,4121.0,26350.0
2330,4122.0,26351.0
2331,4124.0,26361.0
2332,4127.0,26368.0
2333,4128.0,26466.0
2334,4129.0,26471.0
2335,4132.0,26384.0
2336,4134.0,26585.0
2337,4135.0,26592.0
2338,4140.0,26662.0
2339,4141.0,26670.0
2340,4142.0,26674.0
2341,4146.0,26718.0
2342,4147.0,26719.0
2343,4148.0,26722.0
2344,4149.0,26723.0
2345,4153.0,26751.0
2346,4155.0,26768.0
2347,4156.0,26773.0
2348,4157.0,26775.0
2349,4158.0,26778.0
2350,4160.0,26797.0
2351,4164.0,26806.0
2352,4165.0,26804.0
2353,4167.0,26831.0
2354,4168.0,26850.0
2355,4169.0,26851.0
2356,4170.0,26877.0
2357,4171.0,4428.0
2358,4173.0,19009.0
2359,4179.0,26930.0
2360,4182.0,26942.0
2361,4183.0,26945.0
2362,4184.0,26946.0
2363,4185.0,26972.0
2364,4186.0,26973.0
2365,4187.0,2028.0
2366,4188.0,26990.0
2367,4189.0,26998.0
2368,4190.0,27006.0
2369,4192.0,27033.0
2370,4193.0,27040.0
2371,4194.0,27042.0
2372,4196.0,27051.0
2373,4197.0,2139.0
2374,4198.0,11395.0
2375,4201.0,28050.0
2376,4202.0,10610.0
2377,4203.0,27134.0
2378,4204.0,428.0
2379,4205.0,8683.0
2380,4206.0,16232.0
2381,4207.0,16494.0
2382,4208.0,9206.0
2383,4211.0,14035.0
2384,4213.0,21637.0
2385,4214.0,30162.0
2386,4216.0,27747.0
2387,4217.0,27160.0
2388,4218.0,16638.0
2389,4219.0,27186.0
2390,4220.0,27193.0
2391,4221.0,27196.0
2392,4222.0,27199.0
2393,4240.0,29905.0
2394,4224.0,27203.0
2395,4225.0,27218.0
2396,4226.0,27222.0
2397,4242.0,27455.0
2398,4229.0,27251.0
2399,4230.0,27270.0
2400,4231.0,27244.0
2401,4232.0,27275.0
2402,4235.0,27312.0
2403,4236.0,27321.0
2404,4237.0,27341.0
2405,4241.0,27383.0
2406,4243.0,27468.0
2407,4245.0,18269.0
2408,4246.0,27515.0
2409,4247.0,27517.0
2410,4248.0,27520.0
2411,4249.0,27561.0
2412,4250.0,27573.0
2413,4251.0,27610.0
2414,4252.0,27625.0
2415,4253.0,27628.0
2416,4254.0,27631.0
2417,4255.0,27655.0
2418,4256.0,10072.0
2419,4258.0,27250.0
2420,4260.0,27686.0
2421,4261.0,25766.0
2422,4263.0,27731.0
2423,4264.0,6128.0
2424,4265.0,27770.0
2425,4267.0,27774.0
2426,4270.0,3011.0
2427,4272.0,27797.0
2428,4276.0,27803.0
2429,4277.0,27805.0
2430,4278.0,27806.0
2431,4279.0,27810.0
2432,4280.0,27814.0
2433,4281.0,27689.0
2434,4282.0,27845.0
2435,4283.0,27901.0
2436,4284.0,26262.0
2437,4285.0,24883.0
2438,4287.0,25012.0
2439,4288.0,24973.0
2440,4292.0,27711.0
2441,4297.0,27983.0
2442,4298.0,27993.0
2443,4299.0,28002.0
2444,4301.0,28006.0
2445,4302.0,28007.0
2446,4303.0,28010.0
2447,4304.0,28012.0
2448,4306.0,28017.0
2449,4308.0,28019.0
2450,4309.0,28021.0
2451,4310.0,28022.0
2452,4311.0,28042.0
2453,4312.0,28053.0
2454,4313.0,28058.0
2455,4315.0,28061.0
2456,4316.0,28069.0
2457,4317.0,28088.0
2458,4318.0,28089.0
2459,4319.0,13707.0
2460,4323.0,28150.0
2461,4324.0,28162.0
2462,4326.0,28171.0
2463,4327.0,28178.0
2464,4331.0,28188.0
2465,4332.0,27979.0
2466,4333.0,27980.0
2467,4334.0,28193.0
2468,4335.0,28202.0
2469,4337.0,28208.0
2470,4341.0,23741.0
2471,4347.0,28228.0
2472,4348.0,28244.0
2473,4350.0,28252.0
2474,4353.0,6855.0
2475,4357.0,28310.0
2476,4358.0,28318.0
2477,4359.0,28324.0
2478,4360.0,26711.0
2479,4362.0,28339.0
2480,4364.0,28351.0
2481,4366.0,28878.0
2482,4367.0,28368.0
2483,4370.0,28372.0
2484,4371.0,28401.0
2485,4482.0,29056.0
2486,4374.0,28428.0
2487,4376.0,16249.0
2488,4377.0,28456.0
2489,4378.0,28491.0
2490,4379.0,28498.0
2491,4380.0,28516.0
2492,4381.0,28522.0
2493,4484.0,29077.0
2494,4383.0,28532.0
2495,4384.0,28534.0
2496,4385.0,28540.0
2497,4386.0,28542.0
2498,4387.0,28546.0
2499,4389.0,28550.0
2500,4390.0,28548.0
2501,4391.0,29156.0
2502,4392.0,28555.0
2503,4393.0,28556.0
2504,4397.0,28563.0
2505,4400.0,28582.0
2506,4401.0,28594.0
2507,4405.0,28616.0
2508,4406.0,28623.0
2509,4407.0,28661.0
2510,4408.0,28673.0
2511,4411.0,28701.0
2512,4412.0,28702.0
2513,4413.0,28710.0
2514,4414.0,28716.0
2515,4415.0,17575.0
2516,4419.0,28741.0
2517,4420.0,28745.0
2518,4423.0,28765.0
2519,4424.0,28767.0
2520,4425.0,14132.0
2521,4426.0,28773.0
2522,4427.0,28777.0
2523,4431.0,28795.0
2524,4433.0,28804.0
2525,4435.0,28810.0
2526,4436.0,28815.0
2527,4437.0,28819.0
2528,4439.0,28876.0
2529,4441.0,28834.0
2530,4443.0,28839.0
2531,4444.0,28840.0
2532,4445.0,28846.0
2533,4446.0,28849.0
2534,4449.0,28854.0
2535,4450.0,28860.0
2536,4453.0,28890.0
2537,4454.0,28930.0
2538,4461.0,28031.0
2539,4463.0,28971.0
2540,4465.0,28973.0
2541,4469.0,28986.0
2542,4472.0,17576.0
2543,4476.0,29011.0
2544,4477.0,29013.0
2545,4480.0,29017.0
2546,4481.0,29038.0
2547,4483.0,29075.0
2548,4485.0,29079.0
2549,4487.0,29094.0
2550,4489.0,29215.0
2551,4490.0,29120.0
2552,4491.0,29125.0
2553,4492.0,29128.0
2554,4493.0,29131.0
2555,4496.0,29145.0
2556,4497.0,29150.0
2557,4499.0,29159.0
2558,4502.0,29204.0
2559,4503.0,29209.0
2560,4506.0,29237.0
2561,4507.0,3805.0
2562,4508.0,28981.0
2563,4509.0,29223.0
2564,4510.0,29235.0
2565,4511.0,29271.0
2566,4512.0,29291.0
2567,4514.0,29300.0
2568,4515.0,15835.0
2569,4516.0,29306.0
2570,4691.0,30327.0
2571,4522.0,29340.0
2572,4523.0,29341.0
2573,4524.0,29335.0
2574,4525.0,29356.0
2575,4526.0,29378.0
2576,4530.0,20589.0
2577,4532.0,29423.0
2578,4533.0,29428.0
2579,4534.0,28161.0
2580,4536.0,28698.0
2581,4539.0,18871.0
2582,4542.0,29442.0
2583,4544.0,29452.0
2584,4545.0,17511.0
2585,4549.0,29534.0
2586,4550.0,29525.0
2587,4552.0,13683.0
2588,4553.0,29554.0
2589,4554.0,29573.0
2590,4555.0,29578.0
2591,4556.0,29581.0
2592,4570.0,29605.0
2593,4572.0,29607.0
2594,4573.0,29608.0
2595,4575.0,29611.0
2596,4576.0,29627.0
2597,4577.0,29628.0
2598,4578.0,29658.0
2599,4579.0,29657.0
2600,4583.0,29660.0
2601,4587.0,29679.0
2602,4588.0,29680.0
2603,4591.0,29693.0
2604,4592.0,29694.0
2605,4593.0,29697.0
2606,4594.0,29700.0
2607,4595.0,29705.0
2608,4599.0,5539.0
2609,4600.0,26265.0
2610,4601.0,29724.0
2611,4605.0,29751.0
2612,4610.0,15356.0
2613,4611.0,29775.0
2614,4612.0,29782.0
2615,4614.0,29795.0
2616,4616.0,29800.0
2617,4654.0,29982.0
2618,4619.0,29820.0
2619,4620.0,29824.0
2620,4621.0,10698.0
2621,4622.0,29832.0
2622,4624.0,29847.0
2623,4625.0,29864.0
2624,4628.0,29862.0
2625,4629.0,29863.0
2626,4630.0,29867.0
2627,4631.0,29868.0
2628,4632.0,29872.0
2629,4633.0,29874.0
2630,4634.0,29886.0
2631,4636.0,29917.0
2632,4638.0,5616.0
2633,4639.0,29925.0
2634,4641.0,29947.0
2635,4643.0,29955.0
2636,4644.0,29918.0
2637,4647.0,23185.0
2638,4649.0,29969.0
2639,4650.0,29971.0
2640,4656.0,29990.0
2641,4658.0,29995.0
2642,4660.0,30012.0
2643,4662.0,30049.0
2644,4664.0,30074.0
2645,4665.0,30075.0
2646,4666.0,30097.0
2647,4668.0,30143.0
2648,4670.0,30145.0
2649,4671.0,30155.0
2650,4672.0,30165.0
2651,4673.0,30214.0
2652,4674.0,30224.0
2653,4675.0,30231.0
2654,4676.0,30237.0
2655,4677.0,30238.0
2656,4678.0,30245.0
2657,4679.0,30251.0
2658,4680.0,30250.0
2659,4685.0,2852.0
2660,4687.0,30286.0
2661,4688.0,30290.0
2662,4690.0,30318.0
2663,4694.0,10930.0
2664,4695.0,28290.0
2665,4696.0,30373.0
2666,4697.0,30391.0
2667,4699.0,30438.0
2668,4704.0,23181.0
2669,4705.0,30485.0
2670,4706.0,30498.0
2671,4708.0,30519.0
2672,4710.0,30534.0
2673,4711.0,30535.0
2674,4716.0,30537.0
2675,4717.0,30538.0
2676,4720.0,30553.0
2677,4721.0,30554.0
2678,4722.0,30556.0
2679,4723.0,30561.0
2680,4724.0,30569.0
2681,4725.0,30575.0
2682,4726.0,30580.0
2683,4727.0,30581.0
2684,4728.0,30584.0
2685,4729.0,30591.0
2686,4733.0,30599.0
2687,4735.0,30607.0
2688,4736.0,30606.0
2689,4737.0,30609.0
2690,4738.0,30610.0
2691,4741.0,30623.0
2692,4743.0,30661.0
2693,4749.0,30694.0
2694,4750.0,30703.0
2695,4754.0,30725.0
2696,4756.0,30755.0
2697,4761.0,30825.0
2698,4762.0,30831.0
2699,4763.0,30834.0
2700,4764.0,30841.0
2701,4765.0,30851.0
2702,4766.0,30990.0
2703,4767.0,23785.0
2704,4768.0,30904.0
2705,4769.0,30921.0
2706,4770.0,30924.0
2707,4771.0,30928.0
2708,4772.0,30929.0
2709,4773.0,30966.0
2710,4774.0,30981.0
2711,4775.0,30989.0
2712,4776.0,30992.0
2713,4777.0,30995.0
2714,4781.0,29777.0
2715,4782.0,31048.0
2716,4783.0,31053.0
2717,4784.0,31057.0
2718,4785.0,31065.0
2719,4786.0,31080.0
2720,4787.0,31089.0
2721,4788.0,31090.0
2722,4791.0,31102.0
2723,4792.0,31103.0
2724,4793.0,31113.0
2725,4794.0,31122.0
2726,4795.0,31155.0
2727,4798.0,31208.0
2728,4799.0,31211.0
2729,4800.0,31256.0
2730,4801.0,31257.0
2731,4802.0,31285.0
2732,4803.0,31301.0
2733,4804.0,31313.0
2734,4805.0,31324.0
2735,4806.0,31335.0
2736,4808.0,31344.0
2737,4809.0,31366.0
2738,4810.0,31377.0
2739,4811.0,31406.0
2740,4812.0,31410.0
2741,4816.0,20830.0
2742,4818.0,25232.0
2743,4819.0,25231.0
2744,4820.0,25230.0
2745,4821.0,8038.0
2746,4822.0,21897.0
2747,4823.0,31430.0
2748,4831.0,4382.0
2749,4832.0,4379.0
2750,4833.0,4380.0
2751,4835.0,31484.0
2752,4836.0,31486.0
2753,4837.0,31518.0
2754,4838.0,31530.0
2755,4839.0,31541.0
2756,4842.0,31316.0
2757,4843.0,9811.0
2758,4845.0,31632.0
2759,4846.0,31633.0
2760,4847.0,31658.0
2761,4849.0,31667.0
2762,4850.0,31669.0
2763,4852.0,31686.0
2764,4853.0,31700.0
2765,4854.0,31699.0
2766,4855.0,31708.0
2767,4857.0,31766.0
2768,4858.0,32044.0
2769,4859.0,31834.0
2770,4860.0,31886.0
2771,4861.0,31902.0
2772,4862.0,32010.0
2773,4863.0,32031.0
2774,4865.0,32038.0
2775,4866.0,23800.0
2776,4867.0,26146.0
2777,4868.0,31035.0
2778,4870.0,32046.0
2779,4871.0,31957.0
2780,4874.0,32054.0
2781,4877.0,32064.0
2782,4878.0,32076.0
2783,4881.0,32081.0
2784,4882.0,32089.0
2785,4883.0,32097.0
2786,4884.0,32127.0
2787,4885.0,32133.0
2788,4886.0,32147.0
2789,4887.0,32158.0
2790,4892.0,32211.0
2791,4893.0,27340.0
2792,4894.0,32242.0
2793,4895.0,32262.0
2794,4896.0,32291.0
2795,4897.0,32295.0
2796,4900.0,32332.0
2797,4901.0,32356.0
2798,4902.0,32354.0
2799,4903.0,32355.0
2800,4904.0,32369.0
2801,4905.0,32374.0
2802,4906.0,32379.0
2803,4907.0,32389.0
2804,4908.0,8258.0
2805,4910.0,32400.0
2806,4911.0,32404.0
2807,4913.0,32438.0
2808,4915.0,227.0
2809,4916.0,883.0
2810,4917.0,884.0
2811,4919.0,1426.0
2812,4922.0,23.0
2813,4925.0,877.0
2814,4926.0,21568.0
2815,4927.0,21095.0
2816,4929.0,5871.0
2817,4930.0,15865.0
2818,4931.0,16296.0
2819,4932.0,26932.0
2820,4933.0,26931.0
2821,4934.0,27859.0
2822,4935.0,32185.0
2823,4936.0,32442.0
2824,4937.0,32309.0
