,CARMA,OPSD
0,17.0,3.0
1,18.0,4.0
2,19.0,5.0
3,20.0,6.0
4,28.0,8.0
5,36.0,10.0
6,40.0,4923.0
7,43.0,17.0
8,52.0,19.0
9,66.0,22.0
10,67.0,23.0
11,68.0,4668.0
12,74.0,30.0
13,78.0,2271.0
14,88.0,31.0
15,97.0,35.0
16,115.0,2212.0
17,131.0,816.0
18,133.0,4915.0
19,141.0,2913.0
20,167.0,45.0
21,177.0,52.0
22,179.0,53.0
23,185.0,55.0
24,187.0,57.0
25,197.0,60.0
26,202.0,61.0
27,204.0,63.0
28,218.0,65.0
29,220.0,67.0
30,223.0,69.0
31,225.0,70.0
32,234.0,1185.0
33,13440.0,3217.0
34,247.0,76.0
35,250.0,77.0
36,252.0,78.0
37,254.0,79.0
38,261.0,151.0
39,262.0,4204.0
40,267.0,82.0
41,271.0,3684.0
42,272.0,86.0
43,315.0,103.0
44,291.0,94.0
45,293.0,3932.0
46,294.0,3295.0
47,303.0,98.0
48,306.0,4136.0
49,311.0,301.0
50,312.0,1101.0
51,313.0,3939.0
52,321.0,105.0
53,323.0,107.0
54,344.0,110.0
55,362.0,119.0
56,370.0,123.0
57,383.0,201.0
58,384.0,124.0
59,387.0,125.0
60,394.0,128.0
61,395.0,129.0
62,399.0,130.0
63,416.0,137.0
64,422.0,139.0
65,9184.0,2321.0
66,435.0,140.0
67,447.0,2139.0
68,455.0,142.0
69,461.0,145.0
70,478.0,146.0
71,486.0,148.0
72,490.0,149.0
73,509.0,150.0
74,540.0,155.0
75,545.0,162.0
76,546.0,163.0
77,551.0,165.0
78,565.0,167.0
79,572.0,4925.0
80,576.0,4916.0
81,577.0,4917.0
82,581.0,172.0
83,588.0,173.0
84,596.0,176.0
85,602.0,177.0
86,629.0,188.0
87,636.0,3065.0
88,654.0,214.0
89,670.0,199.0
90,671.0,200.0
91,680.0,202.0
92,694.0,206.0
93,702.0,211.0
94,708.0,212.0
95,730.0,215.0
96,740.0,2423.0
97,769.0,229.0
98,772.0,231.0
99,775.0,236.0
100,776.0,237.0
101,783.0,239.0
102,795.0,396.0
103,796.0,242.0
104,806.0,244.0
105,814.0,246.0
106,816.0,2168.0
107,818.0,249.0
108,819.0,251.0
109,832.0,254.0
110,837.0,256.0
111,840.0,257.0
112,842.0,2031.0
113,845.0,258.0
114,19918.0,4754.0
115,872.0,266.0
116,873.0,267.0
117,875.0,268.0
118,876.0,269.0
119,885.0,270.0
120,894.0,274.0
121,896.0,275.0
122,901.0,279.0
123,904.0,281.0
124,915.0,3911.0
125,917.0,283.0
126,923.0,284.0
127,924.0,285.0
128,926.0,280.0
129,957.0,4919.0
130,958.0,287.0
131,967.0,288.0
132,978.0,289.0
133,987.0,291.0
134,1009.0,293.0
135,1015.0,2103.0
136,1023.0,296.0
137,1031.0,298.0
138,1041.0,168.0
139,1044.0,305.0
140,1063.0,307.0
141,1065.0,308.0
142,1067.0,309.0
143,1077.0,310.0
144,1081.0,311.0
145,1082.0,312.0
146,1086.0,313.0
147,1100.0,316.0
148,1115.0,332.0
149,1132.0,1930.0
150,1135.0,330.0
151,1145.0,331.0
152,1154.0,333.0
153,1172.0,353.0
154,1182.0,432.0
155,1185.0,693.0
156,1188.0,669.0
157,1189.0,355.0
158,1203.0,360.0
159,1208.0,361.0
160,1211.0,695.0
161,1217.0,364.0
162,1229.0,4898.0
163,1245.0,367.0
164,1250.0,369.0
165,1264.0,373.0
166,1284.0,374.0
167,1292.0,378.0
168,1298.0,380.0
169,1311.0,382.0
170,1316.0,1827.0
171,1317.0,386.0
172,1320.0,387.0
173,1324.0,3989.0
174,1331.0,388.0
175,1333.0,389.0
176,1336.0,392.0
177,1339.0,2459.0
178,1340.0,394.0
179,1344.0,405.0
180,1345.0,1501.0
181,1410.0,407.0
182,1348.0,423.0
183,1352.0,3546.0
184,1360.0,227.0
185,1371.0,694.0
186,1377.0,397.0
187,1380.0,398.0
188,1381.0,399.0
189,1390.0,401.0
190,1404.0,403.0
191,1412.0,406.0
192,1414.0,410.0
193,1415.0,411.0
194,1420.0,412.0
195,1432.0,402.0
196,1458.0,415.0
197,1469.0,417.0
198,1472.0,419.0
199,1473.0,420.0
200,1475.0,421.0
201,1480.0,422.0
202,1489.0,696.0
203,1494.0,2148.0
204,20328.0,4809.0
205,1508.0,427.0
206,1526.0,1290.0
207,1534.0,435.0
208,1576.0,503.0
209,2787.0,672.0
210,1610.0,452.0
211,1627.0,454.0
212,1628.0,455.0
213,1637.0,3456.0
214,1654.0,459.0
215,1657.0,460.0
216,1674.0,463.0
217,1687.0,474.0
218,1688.0,464.0
219,1705.0,468.0
220,1723.0,469.0
221,1728.0,470.0
222,1729.0,584.0
223,1747.0,2926.0
224,1770.0,475.0
225,1779.0,476.0
226,1786.0,222.0
227,1787.0,477.0
228,1791.0,478.0
229,1804.0,480.0
230,1825.0,483.0
231,1830.0,485.0
232,1831.0,484.0
233,1840.0,504.0
234,1852.0,4685.0
235,1877.0,511.0
236,1886.0,512.0
237,19379.0,884.0
238,1901.0,515.0
239,1942.0,552.0
240,1947.0,542.0
241,1948.0,553.0
242,1949.0,554.0
243,1952.0,555.0
244,1957.0,4270.0
245,1961.0,556.0
246,1962.0,557.0
247,1963.0,558.0
248,1983.0,560.0
249,2006.0,564.0
250,2013.0,286.0
251,2016.0,2611.0
252,2021.0,569.0
253,2028.0,572.0
254,2033.0,573.0
255,2057.0,577.0
256,2075.0,583.0
257,2079.0,582.0
258,2080.0,587.0
259,2083.0,3439.0
260,2090.0,3770.0
261,2105.0,593.0
262,2113.0,594.0
263,2115.0,697.0
264,2118.0,595.0
265,2125.0,596.0
266,2126.0,597.0
267,2155.0,598.0
268,2164.0,3334.0
269,2178.0,602.0
270,2185.0,603.0
271,2201.0,606.0
272,2204.0,608.0
273,2210.0,610.0
274,2224.0,614.0
275,2226.0,615.0
276,2235.0,617.0
277,2286.0,619.0
278,2304.0,621.0
279,2306.0,623.0
280,2321.0,698.0
281,2323.0,625.0
282,2324.0,624.0
283,2328.0,634.0
284,2364.0,629.0
285,2386.0,632.0
286,2393.0,699.0
287,2414.0,637.0
288,2446.0,1931.0
289,2456.0,638.0
290,2486.0,640.0
291,2488.0,498.0
292,2490.0,2923.0
293,2536.0,661.0
294,2537.0,643.0
295,2540.0,645.0
296,2556.0,646.0
297,2559.0,2179.0
298,14784.0,3540.0
299,2583.0,648.0
300,2591.0,1329.0
301,2602.0,1421.0
302,2600.0,651.0
303,2629.0,654.0
304,2640.0,655.0
305,2644.0,3536.0
306,2647.0,657.0
307,2690.0,665.0
308,2706.0,662.0
309,2733.0,664.0
310,2749.0,668.0
311,2789.0,673.0
312,2790.0,1670.0
313,2797.0,674.0
314,2798.0,675.0
315,2806.0,676.0
316,2808.0,677.0
317,2838.0,682.0
318,2853.0,683.0
319,2855.0,684.0
320,2857.0,703.0
321,2858.0,700.0
322,2859.0,701.0
323,2860.0,702.0
324,2862.0,686.0
325,2864.0,756.0
326,2870.0,687.0
327,2883.0,559.0
328,2888.0,4831.0
329,2904.0,691.0
330,2917.0,1228.0
331,2918.0,4171.0
332,2922.0,704.0
333,2955.0,3332.0
334,2967.0,718.0
335,2969.0,719.0
336,2971.0,720.0
337,2973.0,441.0
338,2978.0,722.0
339,2986.0,725.0
340,3004.0,3269.0
341,3007.0,735.0
342,3009.0,736.0
343,3016.0,740.0
344,3022.0,895.0
345,3041.0,742.0
346,3024.0,4051.0
347,3030.0,741.0
348,3061.0,747.0
349,3062.0,748.0
350,3092.0,753.0
351,3096.0,754.0
352,3097.0,755.0
353,3107.0,757.0
354,3109.0,758.0
355,3116.0,2807.0
356,3117.0,1693.0
357,3118.0,2785.0
358,3121.0,764.0
359,3122.0,767.0
360,3123.0,766.0
361,3125.0,769.0
362,3126.0,770.0
363,3129.0,1897.0
364,3131.0,772.0
365,3136.0,774.0
366,3144.0,775.0
367,3145.0,776.0
368,16319.0,780.0
369,3175.0,781.0
370,3180.0,784.0
371,3181.0,785.0
372,3197.0,786.0
373,3206.0,787.0
374,3210.0,1739.0
375,3216.0,790.0
376,3217.0,796.0
377,3220.0,797.0
378,3224.0,1932.0
379,3254.0,811.0
380,3277.0,814.0
381,3281.0,815.0
382,3282.0,1304.0
383,3290.0,73.0
384,3291.0,3459.0
385,3303.0,822.0
386,3323.0,825.0
387,3325.0,826.0
388,3328.0,827.0
389,3340.0,829.0
390,3347.0,831.0
391,3354.0,833.0
392,3357.0,834.0
393,3378.0,836.0
394,3430.0,851.0
395,3384.0,1131.0
396,3413.0,842.0
397,3393.0,947.0
398,3408.0,840.0
399,3409.0,843.0
400,3419.0,846.0
401,3424.0,847.0
402,3425.0,849.0
403,3429.0,848.0
404,3444.0,854.0
405,3449.0,856.0
406,3456.0,857.0
407,3463.0,860.0
408,3471.0,863.0
409,3473.0,865.0
410,3478.0,866.0
411,3481.0,867.0
412,3493.0,868.0
413,3496.0,870.0
414,3505.0,872.0
415,3516.0,3771.0
416,3521.0,1837.0
417,3528.0,882.0
418,3538.0,2836.0
419,3553.0,888.0
420,3554.0,889.0
421,3560.0,891.0
422,3561.0,893.0
423,3562.0,894.0
424,3581.0,899.0
425,3602.0,1095.0
426,3604.0,940.0
427,3612.0,2538.0
428,3621.0,3920.0
429,3632.0,903.0
430,3642.0,904.0
431,3646.0,908.0
432,3644.0,907.0
433,3647.0,4599.0
434,3651.0,909.0
435,3672.0,911.0
436,3673.0,912.0
437,3677.0,914.0
438,3678.0,915.0
439,3686.0,941.0
440,3690.0,157.0
441,3733.0,918.0
442,3760.0,919.0
443,3770.0,920.0
444,3777.0,921.0
445,3778.0,923.0
446,3781.0,925.0
447,3784.0,927.0
448,3794.0,930.0
449,3802.0,934.0
450,3805.0,935.0
451,3825.0,938.0
452,3838.0,948.0
453,3842.0,949.0
454,3846.0,950.0
455,3849.0,951.0
456,3850.0,952.0
457,3862.0,956.0
458,3882.0,961.0
459,3888.0,962.0
460,3895.0,965.0
461,3907.0,967.0
462,3917.0,2564.0
463,3919.0,968.0
464,3925.0,723.0
465,3931.0,971.0
466,3935.0,972.0
467,3937.0,974.0
468,3940.0,976.0
469,3952.0,980.0
470,3963.0,983.0
471,3998.0,1013.0
472,4009.0,1046.0
473,4010.0,1027.0
474,4012.0,74.0
475,4015.0,1034.0
476,4024.0,1049.0
477,4026.0,1050.0
478,4030.0,1052.0
479,4031.0,1053.0
480,4041.0,1054.0
481,4042.0,1055.0
482,4047.0,1315.0
483,4052.0,1058.0
484,4055.0,1061.0
485,4070.0,1069.0
486,4075.0,1040.0
487,4088.0,1077.0
488,4093.0,1079.0
489,4096.0,1080.0
490,4097.0,1081.0
491,4099.0,1082.0
492,4104.0,1085.0
493,4105.0,1086.0
494,10678.0,1089.0
495,4122.0,1091.0
496,4144.0,3556.0
497,4150.0,3027.0
498,4151.0,1103.0
499,4153.0,1097.0
500,4161.0,1047.0
501,4169.0,1099.0
502,4193.0,1104.0
503,4194.0,1105.0
504,4196.0,1106.0
505,4201.0,1107.0
506,16810.0,4041.0
507,4216.0,3186.0
508,4223.0,1111.0
509,4270.0,1116.0
510,4282.0,1120.0
511,4283.0,1119.0
512,4288.0,1122.0
513,4306.0,1125.0
514,4307.0,1127.0
515,4316.0,1141.0
516,4317.0,1525.0
517,4321.0,1147.0
518,4324.0,1150.0
519,4325.0,1148.0
520,4326.0,191.0
521,4328.0,1151.0
522,4332.0,1153.0
523,4340.0,1157.0
524,4359.0,1121.0
525,4360.0,1160.0
526,4398.0,1169.0
527,4399.0,1170.0
528,4405.0,1171.0
529,4407.0,4353.0
530,4417.0,1172.0
531,4427.0,1174.0
532,14559.0,3479.0
533,4440.0,1177.0
534,4478.0,1181.0
535,4494.0,1182.0
536,4550.0,1203.0
537,4566.0,1207.0
538,4567.0,1208.0
539,4575.0,1209.0
540,4577.0,1210.0
541,4578.0,1211.0
542,4588.0,1212.0
543,4603.0,1217.0
544,4621.0,1226.0
545,4630.0,1227.0
546,4632.0,1230.0
547,4644.0,1231.0
548,4652.0,1232.0
549,4656.0,1233.0
550,4659.0,1234.0
551,4664.0,1236.0
552,4690.0,1239.0
553,4697.0,1242.0
554,4722.0,1247.0
555,4732.0,1248.0
556,4733.0,1249.0
557,4738.0,1250.0
558,4742.0,2014.0
559,4749.0,1253.0
560,4756.0,1255.0
561,4770.0,1257.0
562,4785.0,1258.0
563,4788.0,1254.0
564,4790.0,1260.0
565,4791.0,1261.0
566,4792.0,1262.0
567,4818.0,1263.0
568,4835.0,1264.0
569,4836.0,1265.0
570,4859.0,1267.0
571,4860.0,1270.0
572,4904.0,1272.0
573,4916.0,1274.0
574,4918.0,2295.0
575,4924.0,1276.0
576,4937.0,1280.0
577,4949.0,1281.0
578,4952.0,1282.0
579,4964.0,1283.0
580,4965.0,3024.0
581,4972.0,1287.0
582,4993.0,1285.0
583,5002.0,1294.0
584,5033.0,791.0
585,5035.0,1301.0
586,5078.0,1319.0
587,5080.0,1320.0
588,5083.0,1321.0
589,5094.0,1322.0
590,5110.0,1327.0
591,5111.0,473.0
592,5126.0,1334.0
593,5128.0,4821.0
594,5142.0,1337.0
595,5145.0,1338.0
596,5160.0,2812.0
597,5191.0,1340.0
598,5205.0,1342.0
599,5217.0,3189.0
600,5220.0,132.0
601,5236.0,1351.0
602,5244.0,1353.0
603,5248.0,1357.0
604,5253.0,1358.0
605,5263.0,1359.0
606,5271.0,492.0
607,5272.0,1364.0
608,5273.0,1368.0
609,5275.0,1372.0
610,5279.0,1375.0
611,5280.0,1376.0
612,5283.0,537.0
613,5290.0,1378.0
614,5291.0,1379.0
615,5298.0,1381.0
616,5299.0,3557.0
617,5301.0,1382.0
618,5310.0,1383.0
619,11080.0,1751.0
620,5318.0,1389.0
621,5320.0,1391.0
622,5322.0,1392.0
623,5339.0,1394.0
624,5340.0,1395.0
625,5343.0,1397.0
626,5356.0,1416.0
627,5361.0,1417.0
628,5363.0,1418.0
629,5368.0,1419.0
630,5374.0,1426.0
631,5385.0,1430.0
632,5397.0,1432.0
633,5401.0,1434.0
634,5437.0,2118.0
635,5438.0,1449.0
636,5442.0,1450.0
637,5447.0,1452.0
638,5455.0,1454.0
639,5461.0,1455.0
640,5462.0,1456.0
641,5471.0,1448.0
642,5476.0,1460.0
643,5478.0,1461.0
644,8134.0,2021.0
645,5486.0,1466.0
646,5490.0,1467.0
647,5495.0,1468.0
648,5498.0,1470.0
649,5499.0,1473.0
650,5511.0,1477.0
651,5542.0,1480.0
652,5544.0,1483.0
653,5558.0,1488.0
654,5560.0,1489.0
655,5565.0,1490.0
656,5567.0,3921.0
657,5570.0,1492.0
658,5577.0,4205.0
659,5589.0,1494.0
660,5594.0,1495.0
661,5601.0,1499.0
662,5618.0,1502.0
663,5649.0,1514.0
664,5663.0,1523.0
665,5668.0,1530.0
666,5686.0,1533.0
667,5694.0,1534.0
668,5731.0,1535.0
669,5749.0,1537.0
670,5765.0,1541.0
671,5768.0,1675.0
672,5772.0,1542.0
673,5800.0,1545.0
674,5802.0,1547.0
675,5811.0,1548.0
676,5819.0,1551.0
677,5834.0,1555.0
678,5844.0,880.0
679,5852.0,1422.0
680,5853.0,1561.0
681,5854.0,1560.0
682,5857.0,1562.0
683,5867.0,1567.0
684,5868.0,1767.0
685,5871.0,1569.0
686,5874.0,1571.0
687,5875.0,1570.0
688,5886.0,1573.0
689,5891.0,1577.0
690,5898.0,1580.0
691,5913.0,1582.0
692,5914.0,1583.0
693,5915.0,4208.0
694,5929.0,1591.0
695,5930.0,1592.0
696,5944.0,1237.0
697,5945.0,1595.0
698,5954.0,1596.0
699,5961.0,1597.0
700,5965.0,1599.0
701,5982.0,1604.0
702,5992.0,1605.0
703,6001.0,1602.0
704,6017.0,1607.0
705,6029.0,3903.0
706,6032.0,1609.0
707,6038.0,585.0
708,6048.0,1610.0
709,6056.0,4409.0
710,6077.0,1697.0
711,6092.0,3701.0
712,6102.0,1618.0
713,6104.0,3726.0
714,6116.0,3820.0
715,6125.0,1623.0
716,6145.0,1627.0
717,6192.0,1633.0
718,6194.0,1635.0
719,6201.0,1636.0
720,6204.0,1637.0
721,6205.0,4079.0
722,6210.0,1639.0
723,6240.0,4020.0
724,6244.0,1641.0
725,6284.0,1644.0
726,6297.0,3856.0
727,6299.0,4843.0
728,6315.0,1991.0
729,6326.0,1647.0
730,6329.0,1648.0
731,6337.0,1653.0
732,6380.0,1657.0
733,6382.0,1659.0
734,6385.0,1662.0
735,6386.0,443.0
736,6397.0,1663.0
737,6398.0,1664.0
738,6405.0,1667.0
739,6408.0,2540.0
740,6439.0,1671.0
741,6441.0,1676.0
742,6442.0,1677.0
743,6444.0,1678.0
744,6470.0,1686.0
745,6478.0,1688.0
746,6484.0,1692.0
747,6489.0,1934.0
748,6509.0,1696.0
749,6514.0,1698.0
750,6527.0,622.0
751,6537.0,1699.0
752,6548.0,1707.0
753,6551.0,1708.0
754,6553.0,2755.0
755,6554.0,1710.0
756,6556.0,1711.0
757,6558.0,1713.0
758,6559.0,1715.0
759,6561.0,1716.0
760,6590.0,1727.0
761,6596.0,1729.0
762,6629.0,1733.0
763,6647.0,1736.0
764,6648.0,4006.0
765,6653.0,3686.0
766,6655.0,1737.0
767,6663.0,1738.0
768,6673.0,2182.0
769,6678.0,1756.0
770,6686.0,1757.0
771,6689.0,1758.0
772,6706.0,4209.0
773,6713.0,1762.0
774,7049.0,1824.0
775,6725.0,1765.0
776,6727.0,1766.0
777,6732.0,3741.0
778,6740.0,1768.0
779,6741.0,1770.0
780,6753.0,1773.0
781,6769.0,3904.0
782,6784.0,1781.0
783,6787.0,1780.0
784,6822.0,1786.0
785,6832.0,1788.0
786,6838.0,1789.0
787,6848.0,1790.0
788,6852.0,1791.0
789,6867.0,1794.0
790,6878.0,1796.0
791,6879.0,1797.0
792,6882.0,1798.0
793,6892.0,3639.0
794,6897.0,1800.0
795,6898.0,1801.0
796,6900.0,1802.0
797,6902.0,1803.0
798,6923.0,4060.0
799,6936.0,1808.0
800,6940.0,3036.0
801,6949.0,1926.0
802,6950.0,1925.0
803,6957.0,1810.0
804,6968.0,1812.0
805,6971.0,1813.0
806,6985.0,1816.0
807,6986.0,1817.0
808,6988.0,1818.0
809,6993.0,1820.0
810,7004.0,4694.0
811,7029.0,1823.0
812,7032.0,1924.0
813,7061.0,1928.0
814,7074.0,1825.0
815,7090.0,1829.0
816,7092.0,1830.0
817,7097.0,1831.0
818,7100.0,1834.0
819,7107.0,1836.0
820,7118.0,1838.0
821,15843.0,3838.0
822,7140.0,3990.0
823,7159.0,1850.0
824,7175.0,1852.0
825,7187.0,3452.0
826,7194.0,1855.0
827,7206.0,1857.0
828,7245.0,1866.0
829,7279.0,1870.0
830,7297.0,1871.0
831,7305.0,1872.0
832,7323.0,1873.0
833,13433.0,4913.0
834,7351.0,1880.0
835,7365.0,1882.0
836,7385.0,1884.0
837,7388.0,1887.0
838,7390.0,4069.0
839,7392.0,1889.0
840,7393.0,1892.0
841,7395.0,24.0
842,7401.0,2044.0
843,7404.0,1895.0
844,7405.0,1896.0
845,7427.0,1902.0
846,7431.0,1903.0
847,7432.0,3922.0
848,7437.0,1905.0
849,7439.0,1909.0
850,7440.0,1910.0
851,7447.0,1914.0
852,7455.0,1915.0
853,7457.0,1916.0
854,7471.0,1917.0
855,7472.0,1918.0
856,7491.0,2462.0
857,7512.0,1944.0
858,7513.0,1945.0
859,7514.0,1946.0
860,7542.0,1948.0
861,7543.0,1950.0
862,7550.0,1951.0
863,7554.0,1952.0
864,7600.0,1954.0
865,7638.0,1956.0
866,7652.0,2101.0
867,7670.0,1959.0
868,7683.0,1960.0
869,7685.0,1961.0
870,7695.0,1963.0
871,7715.0,1964.0
872,7738.0,1972.0
873,7739.0,1973.0
874,7768.0,1975.0
875,7786.0,1977.0
876,7803.0,1978.0
877,7806.0,1979.0
878,7834.0,1981.0
879,7866.0,1983.0
880,7918.0,1885.0
881,7921.0,2126.0
882,7928.0,1987.0
883,7938.0,1988.0
884,7939.0,1989.0
885,7997.0,0.0
886,8014.0,1994.0
887,8026.0,1995.0
888,8048.0,516.0
889,8052.0,1156.0
890,8065.0,2004.0
891,8071.0,2005.0
892,8073.0,2006.0
893,8082.0,2007.0
894,8085.0,2008.0
895,8123.0,2010.0
896,8125.0,2011.0
897,8133.0,2017.0
898,8135.0,2022.0
899,8136.0,2023.0
900,8145.0,2025.0
901,8149.0,2033.0
902,8170.0,2036.0
903,8174.0,2037.0
904,8182.0,2039.0
905,8183.0,2040.0
906,8192.0,2042.0
907,8195.0,2106.0
908,8196.0,3033.0
909,8213.0,2049.0
910,8255.0,2104.0
911,8320.0,2056.0
912,8340.0,2058.0
913,8348.0,2059.0
914,14260.0,3398.0
915,8416.0,2064.0
916,8417.0,2065.0
917,8456.0,2069.0
918,8465.0,2072.0
919,8498.0,2082.0
920,8514.0,2086.0
921,8521.0,2087.0
922,8534.0,2088.0
923,8558.0,2092.0
924,8571.0,2093.0
925,8574.0,2094.0
926,8583.0,2095.0
927,8596.0,2097.0
928,8618.0,2038.0
929,8627.0,2108.0
930,8628.0,2109.0
931,8652.0,3788.0
932,8667.0,2129.0
933,8674.0,2132.0
934,8675.0,2133.0
935,8688.0,2567.0
936,8695.0,2142.0
937,8699.0,2143.0
938,9493.0,2378.0
939,8710.0,2147.0
940,8720.0,2158.0
941,8725.0,2172.0
942,8726.0,2272.0
943,8734.0,2186.0
944,8737.0,2189.0
945,8738.0,2190.0
946,8744.0,2193.0
947,8753.0,2197.0
948,8762.0,3898.0
949,8769.0,2211.0
950,8776.0,2216.0
951,8777.0,2217.0
952,8778.0,2218.0
953,8788.0,2225.0
954,8794.0,3368.0
955,8795.0,2228.0
956,8797.0,2229.0
957,8798.0,2230.0
958,8806.0,4552.0
959,8812.0,2237.0
960,8817.0,2241.0
961,8819.0,4319.0
962,8826.0,2243.0
963,8833.0,2247.0
964,8837.0,2249.0
965,8847.0,2250.0
966,8871.0,3440.0
967,8878.0,2252.0
968,8900.0,2255.0
969,8905.0,2259.0
970,8909.0,2260.0
971,8920.0,2629.0
972,8934.0,2310.0
973,8937.0,2261.0
974,8943.0,2311.0
975,16932.0,4083.0
976,8964.0,2263.0
977,8966.0,2264.0
978,8968.0,2266.0
979,8971.0,2267.0
980,8985.0,2268.0
981,8992.0,2270.0
982,9002.0,1366.0
983,9005.0,2275.0
984,9032.0,2281.0
985,9056.0,2282.0
986,9067.0,2287.0
987,11010.0,2626.0
988,9065.0,2285.0
989,9072.0,2288.0
990,9081.0,2290.0
991,9082.0,2291.0
992,9083.0,2292.0
993,9088.0,658.0
994,9089.0,2294.0
995,9092.0,4425.0
996,9094.0,2299.0
997,9102.0,2300.0
998,9113.0,2302.0
999,9122.0,2305.0
1000,9123.0,2306.0
1001,9124.0,2307.0
1002,9134.0,2308.0
1003,9140.0,2309.0
1004,9147.0,2315.0
1005,9149.0,2316.0
1006,9153.0,3105.0
1007,9155.0,2317.0
1008,9160.0,2472.0
1009,9166.0,2318.0
1010,9168.0,2319.0
1011,9179.0,2320.0
1012,10911.0,2603.0
1013,9206.0,2322.0
1014,9208.0,2323.0
1015,9217.0,2326.0
1016,9233.0,4007.0
1017,9238.0,2327.0
1018,9239.0,2328.0
1019,9240.0,2330.0
1020,9263.0,2335.0
1021,9267.0,2336.0
1022,9268.0,2337.0
1023,9270.0,2338.0
1024,9275.0,2340.0
1025,9281.0,2341.0
1026,15078.0,3643.0
1027,9335.0,2348.0
1028,9353.0,2350.0
1029,9360.0,2353.0
1030,9364.0,2354.0
1031,9376.0,2355.0
1032,9381.0,2356.0
1033,9401.0,2359.0
1034,9402.0,2360.0
1035,9405.0,2361.0
1036,9406.0,2362.0
1037,9409.0,2363.0
1038,9411.0,2364.0
1039,9412.0,2365.0
1040,9420.0,2366.0
1041,9431.0,2369.0
1042,9432.0,2368.0
1043,9444.0,2371.0
1044,9473.0,1741.0
1045,9481.0,2375.0
1046,9483.0,2376.0
1047,9495.0,2379.0
1048,9497.0,2380.0
1049,9499.0,2381.0
1050,9503.0,2382.0
1051,9504.0,2384.0
1052,9511.0,2385.0
1053,9524.0,2386.0
1054,9539.0,2387.0
1055,9542.0,2388.0
1056,9551.0,2389.0
1057,9552.0,2390.0
1058,9565.0,2391.0
1059,9603.0,2392.0
1060,9610.0,530.0
1061,9618.0,2404.0
1062,9619.0,2393.0
1063,9627.0,2395.0
1064,9647.0,2396.0
1065,9657.0,2399.0
1066,9659.0,2400.0
1067,9661.0,2464.0
1068,9688.0,2401.0
1069,9699.0,2402.0
1070,9707.0,2405.0
1071,9709.0,2406.0
1072,9714.0,2407.0
1073,9732.0,2409.0
1074,9738.0,2410.0
1075,9750.0,2411.0
1076,9763.0,2412.0
1077,9767.0,2413.0
1078,9769.0,2414.0
1079,9788.0,3823.0
1080,9798.0,2417.0
1081,9818.0,586.0
1082,9836.0,174.0
1083,9848.0,2421.0
1084,9853.0,2422.0
1085,9878.0,2425.0
1086,9896.0,2427.0
1087,9908.0,2428.0
1088,9939.0,2433.0
1089,9948.0,2434.0
1090,9963.0,2435.0
1091,9975.0,2314.0
1092,9977.0,2436.0
1093,9979.0,2438.0
1094,9980.0,2437.0
1095,10013.0,2444.0
1096,10014.0,2443.0
1097,10038.0,2445.0
1098,10039.0,2474.0
1099,10048.0,2447.0
1100,10053.0,2475.0
1101,10079.0,2449.0
1102,10085.0,2451.0
1103,10086.0,2452.0
1104,10093.0,2455.0
1105,10094.0,2454.0
1106,10121.0,2457.0
1107,10145.0,193.0
1108,10147.0,2469.0
1109,10149.0,2470.0
1110,10153.0,2471.0
1111,10161.0,3486.0
1112,10178.0,2476.0
1113,10200.0,196.0
1114,10207.0,4515.0
1115,10208.0,2482.0
1116,10215.0,2484.0
1117,10223.0,2489.0
1118,10228.0,2490.0
1119,10232.0,4930.0
1120,10234.0,2750.0
1121,10259.0,2492.0
1122,10269.0,2495.0
1123,10280.0,2498.0
1124,13313.0,3183.0
1125,10289.0,2499.0
1126,10296.0,2500.0
1127,10307.0,2504.0
1128,10313.0,2506.0
1129,10319.0,2507.0
1130,10321.0,2122.0
1131,10345.0,2511.0
1132,10364.0,3620.0
1133,10400.0,4033.0
1134,10409.0,2512.0
1135,10410.0,2513.0
1136,10411.0,2514.0
1137,10436.0,2519.0
1138,10456.0,2521.0
1139,10461.0,2522.0
1140,10481.0,2526.0
1141,10482.0,2527.0
1142,10484.0,2528.0
1143,10489.0,4206.0
1144,10500.0,4376.0
1145,10513.0,2530.0
1146,10516.0,2532.0
1147,10519.0,2533.0
1148,10520.0,2534.0
1149,10528.0,4931.0
1150,10539.0,2541.0
1151,10541.0,2542.0
1152,10558.0,2548.0
1153,10561.0,2565.0
1154,10583.0,2549.0
1155,10591.0,2550.0
1156,10593.0,2537.0
1157,10599.0,1240.0
1158,10600.0,2551.0
1159,10604.0,2552.0
1160,10610.0,2554.0
1161,10614.0,2555.0
1162,10615.0,2556.0
1163,18787.0,4475.0
1164,10659.0,2557.0
1165,10663.0,4207.0
1166,10673.0,2559.0
1167,10677.0,2561.0
1168,10680.0,2562.0
1169,10684.0,2563.0
1170,12627.0,2569.0
1171,10691.0,2571.0
1172,10697.0,2573.0
1173,10699.0,2574.0
1174,10704.0,2575.0
1175,10705.0,2576.0
1176,10707.0,2577.0
1177,10734.0,2112.0
1178,10767.0,2583.0
1179,10768.0,2584.0
1180,10771.0,2585.0
1181,10781.0,2586.0
1182,10822.0,2591.0
1183,10832.0,1793.0
1184,10860.0,4794.0
1185,10861.0,2594.0
1186,10866.0,2596.0
1187,18607.0,4412.0
1188,10875.0,642.0
1189,10899.0,2600.0
1190,10901.0,2602.0
1191,10908.0,273.0
1192,10921.0,2604.0
1193,10923.0,1423.0
1194,11733.0,2605.0
1195,10926.0,1292.0
1196,10929.0,2536.0
1197,10932.0,2606.0
1198,10942.0,2608.0
1199,10953.0,2612.0
1200,10956.0,2613.0
1201,10957.0,1041.0
1202,10966.0,89.0
1203,10967.0,1624.0
1204,10970.0,2616.0
1205,10971.0,2617.0
1206,10972.0,2619.0
1207,10975.0,2997.0
1208,10979.0,2620.0
1209,10982.0,1828.0
1210,10983.0,2622.0
1211,10996.0,2624.0
1212,11005.0,2625.0
1213,12358.0,2960.0
1214,11027.0,1352.0
1215,11070.0,156.0
1216,11082.0,2637.0
1217,11088.0,2638.0
1218,11095.0,2641.0
1219,11096.0,2643.0
1220,11105.0,2644.0
1221,11134.0,2647.0
1222,11135.0,2648.0
1223,11142.0,1192.0
1224,11143.0,2650.0
1225,11163.0,2653.0
1226,11168.0,2655.0
1227,11175.0,2657.0
1228,11180.0,2658.0
1229,11195.0,2181.0
1230,11200.0,2948.0
1231,11201.0,2659.0
1232,11209.0,2660.0
1233,11234.0,2927.0
1234,11235.0,1877.0
1235,11236.0,2672.0
1236,11240.0,4570.0
1237,11242.0,2664.0
1238,11247.0,2666.0
1239,11253.0,2667.0
1240,11276.0,2668.0
1241,11302.0,2674.0
1242,11315.0,2675.0
1243,11317.0,4545.0
1244,11318.0,2676.0
1245,11326.0,2677.0
1246,11332.0,2678.0
1247,11337.0,2679.0
1248,11350.0,2262.0
1249,11351.0,2746.0
1250,11352.0,4472.0
1251,11355.0,2699.0
1252,11359.0,2701.0
1253,17756.0,4236.0
1254,11396.0,3226.0
1255,11399.0,2706.0
1256,11444.0,538.0
1257,11457.0,2715.0
1258,11473.0,2710.0
1259,11479.0,2717.0
1260,11480.0,2718.0
1261,11481.0,2719.0
1262,11487.0,2722.0
1263,11500.0,2726.0
1264,11510.0,2727.0
1265,11512.0,2728.0
1266,11513.0,2730.0
1267,11524.0,2731.0
1268,11525.0,2732.0
1269,11531.0,2736.0
1270,11534.0,2737.0
1271,11545.0,1424.0
1272,11555.0,3577.0
1273,11556.0,2744.0
1274,11564.0,1173.0
1275,11584.0,2748.0
1276,11586.0,2751.0
1277,11595.0,2752.0
1278,11601.0,3558.0
1279,11603.0,339.0
1280,11606.0,2578.0
1281,11623.0,2757.0
1282,11643.0,2760.0
1283,11653.0,2765.0
1284,11677.0,2768.0
1285,11679.0,2769.0
1286,11681.0,2770.0
1287,11686.0,2771.0
1288,11705.0,2774.0
1289,11710.0,3582.0
1290,11714.0,2778.0
1291,11744.0,2689.0
1292,11748.0,2783.0
1293,11750.0,1478.0
1294,11758.0,2784.0
1295,11753.0,3905.0
1296,11759.0,2786.0
1297,11760.0,2787.0
1298,11761.0,2791.0
1299,11763.0,490.0
1300,11765.0,2793.0
1301,11772.0,25.0
1302,11779.0,2797.0
1303,11792.0,2798.0
1304,11795.0,2799.0
1305,11803.0,2800.0
1306,11807.0,4245.0
1307,11817.0,2803.0
1308,11843.0,2808.0
1309,11847.0,2809.0
1310,11848.0,2810.0
1311,11871.0,2467.0
1312,11882.0,2814.0
1313,11888.0,2815.0
1314,11891.0,751.0
1315,11905.0,2818.0
1316,11909.0,2819.0
1317,11910.0,2820.0
1318,11912.0,2822.0
1319,11913.0,2824.0
1320,11931.0,2825.0
1321,11932.0,2826.0
1322,11938.0,2829.0
1323,11939.0,2830.0
1324,11942.0,2831.0
1325,11946.0,2832.0
1326,11950.0,2833.0
1327,11956.0,2834.0
1328,16906.0,3187.0
1329,11963.0,2838.0
1330,11971.0,2839.0
1331,11974.0,2841.0
1332,11975.0,2842.0
1333,11979.0,2843.0
1334,11985.0,3037.0
1335,11991.0,2845.0
1336,11993.0,2847.0
1337,12002.0,2849.0
1338,12009.0,2852.0
1339,12011.0,2853.0
1340,12016.0,3181.0
1341,12053.0,2855.0
1342,12115.0,2891.0
1343,12129.0,611.0
1344,12139.0,2893.0
1345,12151.0,2894.0
1346,12156.0,2897.0
1347,12168.0,1241.0
1348,12177.0,2911.0
1349,12193.0,2917.0
1350,12206.0,2920.0
1351,12216.0,2035.0
1352,12220.0,2928.0
1353,12238.0,2935.0
1354,12260.0,4173.0
1355,12266.0,2940.0
1356,12307.0,2944.0
1357,12310.0,2946.0
1358,12322.0,276.0
1359,12331.0,4277.0
1360,12332.0,2949.0
1361,12334.0,2955.0
1362,12338.0,2954.0
1363,12355.0,2959.0
1364,12375.0,2962.0
1365,12382.0,2963.0
1366,12414.0,2965.0
1367,12415.0,2989.0
1368,12419.0,4439.0
1369,12426.0,2968.0
1370,12429.0,2969.0
1371,12434.0,2971.0
1372,12441.0,2973.0
1373,12453.0,1883.0
1374,12459.0,2976.0
1375,12467.0,2978.0
1376,12472.0,2980.0
1377,12473.0,2981.0
1378,12486.0,2984.0
1379,12490.0,2985.0
1380,12496.0,2988.0
1381,12504.0,4470.0
1382,12514.0,2991.0
1383,12517.0,2992.0
1384,12518.0,2487.0
1385,12519.0,2993.0
1386,12524.0,2994.0
1387,12525.0,2995.0
1388,12526.0,2996.0
1389,12529.0,2046.0
1390,12536.0,2999.0
1391,12542.0,3073.0
1392,12544.0,3004.0
1393,12553.0,3351.0
1394,12554.0,3006.0
1395,12562.0,3007.0
1396,12576.0,3008.0
1397,12578.0,3010.0
1398,12587.0,3011.0
1399,12592.0,3012.0
1400,12621.0,3014.0
1401,12630.0,3021.0
1402,12635.0,3022.0
1403,12645.0,3025.0
1404,12647.0,3026.0
1405,12650.0,3074.0
1406,12651.0,3076.0
1407,12661.0,3028.0
1408,12662.0,3029.0
1409,12671.0,3082.0
1410,12677.0,3075.0
1411,12683.0,3079.0
1412,12686.0,3080.0
1413,12690.0,3081.0
1414,12693.0,984.0
1415,19090.0,4550.0
1416,12703.0,3032.0
1417,12735.0,3767.0
1418,12741.0,3034.0
1419,12748.0,3035.0
1420,12750.0,3041.0
1421,12751.0,3043.0
1422,12754.0,2047.0
1423,12762.0,3049.0
1424,12768.0,3051.0
1425,12771.0,3054.0
1426,12787.0,3066.0
1427,12788.0,3067.0
1428,12797.0,3068.0
1429,12804.0,3088.0
1430,12805.0,3089.0
1431,12811.0,3090.0
1432,12812.0,3091.0
1433,12822.0,3092.0
1434,12823.0,3094.0
1435,12831.0,3098.0
1436,12841.0,3099.0
1437,12844.0,3101.0
1438,12857.0,3102.0
1439,12869.0,3106.0
1440,12876.0,3113.0
1441,12877.0,2480.0
1442,12878.0,2747.0
1443,12884.0,3118.0
1444,12885.0,3115.0
1445,12899.0,3122.0
1446,12915.0,4750.0
1447,12917.0,3123.0
1448,12922.0,3124.0
1449,12936.0,3125.0
1450,12957.0,1349.0
1451,12965.0,385.0
1452,12976.0,3131.0
1453,12978.0,3132.0
1454,13005.0,3133.0
1455,13018.0,2463.0
1456,13026.0,3136.0
1457,13097.0,3140.0
1458,13104.0,3144.0
1459,13111.0,3145.0
1460,13114.0,3146.0
1461,13117.0,3147.0
1462,13121.0,3148.0
1463,13123.0,3149.0
1464,13150.0,3154.0
1465,13171.0,3164.0
1466,13177.0,3165.0
1467,13221.0,3172.0
1468,13235.0,3173.0
1469,13275.0,1271.0
1470,13276.0,3175.0
1471,13310.0,471.0
1472,13316.0,1137.0
1473,13318.0,41.0
1474,13321.0,3195.0
1475,13325.0,3198.0
1476,13326.0,1862.0
1477,13332.0,3203.0
1478,13333.0,3204.0
1479,13364.0,4530.0
1480,13402.0,3212.0
1481,13466.0,3221.0
1482,13413.0,502.0
1483,13416.0,3214.0
1484,13431.0,3215.0
1485,13438.0,3216.0
1486,13444.0,3218.0
1487,13459.0,3219.0
1488,13464.0,3220.0
1489,13528.0,3227.0
1490,13534.0,4816.0
1491,13552.0,3230.0
1492,13554.0,2779.0
1493,13562.0,3231.0
1494,13565.0,3232.0
1495,13566.0,3235.0
1496,13568.0,3236.0
1497,13596.0,3244.0
1498,13604.0,3248.0
1499,13607.0,3249.0
1500,13608.0,3250.0
1501,13652.0,3257.0
1502,13650.0,1039.0
1503,15856.0,3256.0
1504,13654.0,3258.0
1505,13679.0,3264.0
1506,13686.0,3265.0
1507,13689.0,3266.0
1508,13701.0,1367.0
1509,13703.0,3270.0
1510,13706.0,3002.0
1511,13709.0,4927.0
1512,13710.0,3272.0
1513,13714.0,3273.0
1514,13718.0,3275.0
1515,13739.0,3277.0
1516,13741.0,1822.0
1517,13743.0,3278.0
1518,13746.0,3279.0
1519,13774.0,3283.0
1520,13786.0,108.0
1521,13798.0,3286.0
1522,13825.0,3287.0
1523,13833.0,3288.0
1524,13865.0,3291.0
1525,13891.0,3292.0
1526,13900.0,3294.0
1527,13944.0,3297.0
1528,13949.0,3307.0
1529,13961.0,3308.0
1530,13966.0,1593.0
1531,13970.0,3309.0
1532,14003.0,3311.0
1533,14004.0,4926.0
1534,14011.0,3314.0
1535,14012.0,3316.0
1536,14015.0,3317.0
1537,14019.0,3320.0
1538,14020.0,3319.0
1539,14021.0,900.0
1540,14026.0,3322.0
1541,14028.0,3323.0
1542,14041.0,2192.0
1543,14042.0,3324.0
1544,14047.0,4213.0
1545,14050.0,3328.0
1546,14062.0,3341.0
1547,14071.0,3343.0
1548,14075.0,2157.0
1549,14081.0,3347.0
1550,14105.0,2048.0
1551,14110.0,3353.0
1552,14118.0,3355.0
1553,14127.0,3360.0
1554,14128.0,3361.0
1555,14135.0,3363.0
1556,14136.0,3364.0
1557,14137.0,3365.0
1558,14139.0,3366.0
1559,14143.0,3655.0
1560,14175.0,3373.0
1561,14183.0,1090.0
1562,14184.0,3948.0
1563,14187.0,3426.0
1564,14195.0,3376.0
1565,14200.0,3378.0
1566,14205.0,3377.0
1567,14210.0,3379.0
1568,14211.0,3380.0
1569,14221.0,3382.0
1570,14230.0,3385.0
1571,14232.0,3387.0
1572,14235.0,3389.0
1573,14237.0,3390.0
1574,14244.0,3391.0
1575,14245.0,3392.0
1576,14252.0,3395.0
1577,14259.0,1749.0
1578,14262.0,3399.0
1579,14274.0,1166.0
1580,14275.0,3402.0
1581,14283.0,783.0
1582,14284.0,179.0
1583,14285.0,3406.0
1584,14288.0,3407.0
1585,14294.0,3410.0
1586,14296.0,3411.0
1587,14298.0,3412.0
1588,14318.0,3416.0
1589,14319.0,3417.0
1590,14322.0,3424.0
1591,14326.0,3418.0
1592,14328.0,3420.0
1593,14355.0,3425.0
1594,14376.0,3428.0
1595,14378.0,3431.0
1596,14384.0,3433.0
1597,14387.0,3434.0
1598,14406.0,3442.0
1599,14414.0,3435.0
1600,14416.0,3436.0
1601,14426.0,3438.0
1602,14432.0,3441.0
1603,14436.0,3443.0
1604,14438.0,3444.0
1605,14444.0,3923.0
1606,14450.0,1187.0
1607,14452.0,540.0
1608,14460.0,3448.0
1609,14660.0,3717.0
1610,18908.0,4504.0
1611,14488.0,3454.0
1612,14494.0,3178.0
1613,14513.0,3457.0
1614,14516.0,3458.0
1615,14520.0,3461.0
1616,14529.0,2861.0
1617,14534.0,3464.0
1618,14554.0,3477.0
1619,14555.0,3478.0
1620,14573.0,3487.0
1621,14576.0,3488.0
1622,14582.0,1132.0
1623,14585.0,3489.0
1624,14586.0,3490.0
1625,14610.0,3499.0
1626,14631.0,3502.0
1627,14648.0,3503.0
1628,14658.0,3504.0
1629,14671.0,3509.0
1630,14699.0,3579.0
1631,14721.0,3654.0
1632,14734.0,3523.0
1633,14752.0,3537.0
1634,14779.0,3539.0
1635,14780.0,3570.0
1636,14785.0,3521.0
1637,14793.0,3543.0
1638,14794.0,3544.0
1639,14798.0,3545.0
1640,14813.0,3550.0
1641,14822.0,3553.0
1642,14824.0,3554.0
1643,14825.0,3563.0
1644,14826.0,3559.0
1645,14832.0,3565.0
1646,14834.0,2052.0
1647,14835.0,3568.0
1648,14850.0,3574.0
1649,14857.0,3575.0
1650,14874.0,2345.0
1651,14889.0,3580.0
1652,14891.0,3581.0
1653,14897.0,3585.0
1654,16826.0,4045.0
1655,14907.0,3792.0
1656,14911.0,1612.0
1657,14916.0,3588.0
1658,14931.0,3589.0
1659,14945.0,3596.0
1660,14961.0,3597.0
1661,14982.0,3601.0
1662,14984.0,3602.0
1663,15000.0,3615.0
1664,15003.0,3617.0
1665,15032.0,506.0
1666,15033.0,1057.0
1667,15035.0,3628.0
1668,15036.0,2966.0
1669,15037.0,3193.0
1670,15038.0,3194.0
1671,15039.0,3253.0
1672,15043.0,3629.0
1673,15044.0,4704.0
1674,15047.0,3634.0
1675,15049.0,3635.0
1676,15054.0,3752.0
1677,15056.0,3636.0
1678,15071.0,3641.0
1679,15082.0,4457.0
1680,15083.0,3622.0
1681,15086.0,3648.0
1682,15087.0,3649.0
1683,15107.0,3652.0
1684,15108.0,3653.0
1685,15122.0,3656.0
1686,15128.0,3657.0
1687,15131.0,3658.0
1688,15140.0,3661.0
1689,15144.0,3663.0
1690,15155.0,3664.0
1691,15156.0,3668.0
1692,15157.0,2794.0
1693,15158.0,3669.0
1694,15161.0,3670.0
1695,15168.0,3675.0
1696,15174.0,3676.0
1697,15177.0,3677.0
1698,15186.0,3683.0
1699,15221.0,3688.0
1700,15227.0,3690.0
1701,15248.0,3695.0
1702,15257.0,3697.0
1703,15264.0,3700.0
1704,15266.0,3698.0
1705,15277.0,3699.0
1706,15293.0,3704.0
1707,15298.0,3705.0
1708,15308.0,3707.0
1709,15312.0,3708.0
1710,15320.0,1984.0
1711,15322.0,3710.0
1712,15324.0,3711.0
1713,15336.0,1425.0
1714,15353.0,3715.0
1715,15355.0,3680.0
1716,15363.0,3718.0
1717,15370.0,3722.0
1718,15397.0,3728.0
1719,15402.0,3730.0
1720,15405.0,3731.0
1721,15413.0,3732.0
1722,15429.0,3738.0
1723,15466.0,3743.0
1724,15467.0,4866.0
1725,15468.0,3745.0
1726,15485.0,3747.0
1727,15498.0,3749.0
1728,15500.0,3755.0
1729,15513.0,3766.0
1730,15517.0,3772.0
1731,15522.0,3773.0
1732,15529.0,3776.0
1733,15540.0,3778.0
1734,15542.0,3528.0
1735,15547.0,3782.0
1736,15552.0,3783.0
1737,15553.0,4164.0
1738,15555.0,3785.0
1739,15565.0,3791.0
1740,15571.0,928.0
1741,15578.0,3793.0
1742,15583.0,3794.0
1743,15585.0,3795.0
1744,15598.0,2592.0
1745,15605.0,3797.0
1746,15606.0,3798.0
1747,15610.0,3800.0
1748,15611.0,3801.0
1749,15619.0,3803.0
1750,15629.0,3805.0
1751,15651.0,3808.0
1752,15662.0,3809.0
1753,15672.0,3810.0
1754,15691.0,3813.0
1755,15698.0,3815.0
1756,15702.0,3816.0
1757,15705.0,3817.0
1758,15707.0,3818.0
1759,15717.0,3819.0
1760,15720.0,3821.0
1761,15722.0,3734.0
1762,15732.0,3822.0
1763,15738.0,3824.0
1764,15743.0,3825.0
1765,15746.0,3826.0
1766,15752.0,3829.0
1767,15765.0,3830.0
1768,15776.0,3832.0
1769,15798.0,3833.0
1770,15838.0,3835.0
1771,15840.0,3837.0
1772,15845.0,3890.0
1773,15855.0,3841.0
1774,15859.0,3842.0
1775,15863.0,3640.0
1776,15882.0,3843.0
1777,15894.0,3849.0
1778,15896.0,3852.0
1779,15902.0,3853.0
1780,15912.0,3851.0
1781,15927.0,3854.0
1782,15934.0,1982.0
1783,15935.0,3857.0
1784,15936.0,3865.0
1785,15940.0,3858.0
1786,15943.0,2408.0
1787,15947.0,2759.0
1788,15957.0,3859.0
1789,15959.0,3860.0
1790,15964.0,3861.0
1791,15983.0,3862.0
1792,16025.0,3863.0
1793,16026.0,3864.0
1794,16042.0,3868.0
1795,16047.0,3892.0
1796,16059.0,3870.0
1797,16074.0,3388.0
1798,16100.0,3876.0
1799,16102.0,3877.0
1800,16109.0,3878.0
1801,16111.0,3879.0
1802,16113.0,197.0
1803,16120.0,3894.0
1804,16121.0,3895.0
1805,16138.0,3883.0
1806,16141.0,3884.0
1807,16142.0,3885.0
1808,16146.0,3886.0
1809,16404.0,3969.0
1810,16172.0,3907.0
1811,16175.0,1848.0
1812,16179.0,3910.0
1813,16193.0,4285.0
1814,16208.0,768.0
1815,16215.0,3915.0
1816,16217.0,1611.0
1817,16232.0,861.0
1818,16233.0,1293.0
1819,16234.0,3916.0
1820,16237.0,1799.0
1821,16238.0,3875.0
1822,16239.0,3913.0
1823,16254.0,3925.0
1824,16271.0,3930.0
1825,19382.0,4639.0
1826,16288.0,3933.0
1827,16290.0,3934.0
1828,16311.0,2127.0
1829,16312.0,3938.0
1830,16318.0,3940.0
1831,16320.0,898.0
1832,16321.0,982.0
1833,16324.0,2709.0
1834,16334.0,3944.0
1835,16340.0,3945.0
1836,16344.0,356.0
1837,16350.0,3530.0
1838,16363.0,3951.0
1839,16368.0,3501.0
1840,16369.0,3681.0
1841,16374.0,3953.0
1842,16380.0,3954.0
1843,16385.0,3956.0
1844,16391.0,3958.0
1845,16393.0,3959.0
1846,16394.0,2245.0
1847,16407.0,3594.0
1848,16418.0,1594.0
1849,16419.0,3970.0
1850,16494.0,3988.0
1851,16421.0,3971.0
1852,16426.0,3973.0
1853,16429.0,3976.0
1854,16430.0,4166.0
1855,16458.0,3978.0
1856,16460.0,3979.0
1857,16465.0,3980.0
1858,16466.0,3981.0
1859,16469.0,3982.0
1860,16471.0,3983.0
1861,16472.0,3984.0
1862,16473.0,4355.0
1863,16476.0,3987.0
1864,16484.0,739.0
1865,16502.0,3996.0
1866,16505.0,3997.0
1867,16518.0,3998.0
1868,16520.0,3999.0
1869,16535.0,4003.0
1870,16547.0,4005.0
1871,16550.0,4008.0
1872,16552.0,1214.0
1873,16563.0,4035.0
1874,16569.0,4010.0
1875,16582.0,4036.0
1876,16587.0,4011.0
1877,16606.0,4013.0
1878,16612.0,4014.0
1879,16613.0,4015.0
1880,16615.0,4016.0
1881,16619.0,1572.0
1882,16627.0,4018.0
1883,16633.0,4019.0
1884,16675.0,4021.0
1885,16679.0,4037.0
1886,16689.0,4579.0
1887,16690.0,147.0
1888,16727.0,4022.0
1889,16732.0,4023.0
1890,16740.0,4024.0
1891,16741.0,4025.0
1892,16742.0,4026.0
1893,16744.0,3142.0
1894,16745.0,4074.0
1895,16749.0,4028.0
1896,16752.0,4029.0
1897,16753.0,4030.0
1898,16761.0,4031.0
1899,16763.0,2131.0
1900,16803.0,4039.0
1901,16830.0,4046.0
1902,16831.0,4047.0
1903,16854.0,4054.0
1904,16855.0,4055.0
1905,16856.0,4056.0
1906,16857.0,4057.0
1907,16858.0,4058.0
1908,16870.0,4062.0
1909,16871.0,1550.0
1910,16894.0,4065.0
1911,16903.0,4070.0
1912,16904.0,3814.0
1913,16914.0,4073.0
1914,16917.0,4075.0
1915,16928.0,4080.0
1916,16933.0,4082.0
1917,16950.0,4087.0
1918,16953.0,4088.0
1919,16960.0,4089.0
1920,16990.0,4094.0
1921,17015.0,4867.0
1922,17030.0,4101.0
1923,17036.0,4102.0
1924,17045.0,4104.0
1925,17052.0,4105.0
1926,17054.0,4106.0
1927,17085.0,1507.0
1928,17087.0,4110.0
1929,17095.0,4111.0
1930,17097.0,4284.0
1931,17100.0,4113.0
1932,17104.0,4114.0
1933,17107.0,4115.0
1934,17118.0,4116.0
1935,17138.0,4117.0
1936,17153.0,4121.0
1937,17154.0,4122.0
1938,17161.0,4124.0
1939,17163.0,4125.0
1940,17165.0,4127.0
1941,17229.0,4128.0
1942,17233.0,4129.0
1943,17302.0,4135.0
1944,17351.0,4140.0
1945,17355.0,4141.0
1946,17359.0,4142.0
1947,17386.0,4146.0
1948,17389.0,4148.0
1949,17390.0,4149.0
1950,17408.0,4153.0
1951,17415.0,4155.0
1952,17417.0,4156.0
1953,17418.0,4157.0
1954,17420.0,4158.0
1955,17433.0,4160.0
1956,17441.0,4165.0
1957,17462.0,4167.0
1958,17473.0,4168.0
1959,17474.0,4169.0
1960,17522.0,4179.0
1961,17523.0,4932.0
1962,17528.0,2951.0
1963,17529.0,4182.0
1964,17544.0,4185.0
1965,17545.0,4186.0
1966,17547.0,4187.0
1967,17557.0,4188.0
1968,17563.0,4189.0
1969,17569.0,4190.0
1970,17590.0,4192.0
1971,17593.0,4193.0
1972,17595.0,4194.0
1973,17602.0,4195.0
1974,17603.0,4196.0
1975,17644.0,4203.0
1976,17647.0,1498.0
1977,17651.0,1266.0
1978,17661.0,4218.0
1979,17673.0,4219.0
1980,17677.0,4220.0
1981,17678.0,4221.0
1982,17679.0,4222.0
1983,17680.0,4223.0
1984,17683.0,4224.0
1985,17692.0,4225.0
1986,17706.0,4231.0
1987,17709.0,4258.0
1988,17710.0,4229.0
1989,17722.0,3924.0
1990,17725.0,4232.0
1991,17748.0,4235.0
1992,17771.0,4893.0
1993,17772.0,4237.0
1994,17791.0,4238.0
1995,17803.0,4241.0
1996,17851.0,4242.0
1997,17861.0,4243.0
1998,17880.0,4246.0
1999,17881.0,4247.0
2000,17883.0,4248.0
2001,17912.0,4249.0
2002,17915.0,171.0
2003,17920.0,4250.0
2004,17940.0,4251.0
2005,17951.0,4253.0
2006,17952.0,4254.0
2007,17970.0,4255.0
2008,17978.0,3768.0
2009,17987.0,4260.0
2010,18002.0,4538.0
2011,18003.0,4292.0
2012,18006.0,3529.0
2013,18015.0,4263.0
2014,18028.0,4216.0
2015,18042.0,4265.0
2016,18044.0,4267.0
2017,18051.0,4268.0
2018,18052.0,4269.0
2019,18056.0,4272.0
2020,18063.0,4278.0
2021,18066.0,4279.0
2022,18067.0,4280.0
2023,18084.0,4282.0
2024,18119.0,4283.0
2025,18167.0,4333.0
2026,18176.0,4298.0
2027,18188.0,4301.0
2028,18189.0,4302.0
2029,18192.0,4303.0
2030,18193.0,4304.0
2031,18197.0,4306.0
2032,18198.0,4308.0
2033,18200.0,4309.0
2034,18201.0,4310.0
2035,18212.0,4311.0
2036,18218.0,1938.0
2037,18220.0,4313.0
2038,18222.0,4315.0
2039,18228.0,4316.0
2040,18237.0,4317.0
2041,18238.0,4318.0
2042,18255.0,2141.0
2043,18275.0,4321.0
2044,18278.0,964.0
2045,18281.0,2227.0
2046,18295.0,4326.0
2047,18304.0,4324.0
2048,18306.0,4331.0
2049,18310.0,4334.0
2050,18316.0,4335.0
2051,18335.0,4347.0
2052,18368.0,4695.0
2053,18380.0,4357.0
2054,18381.0,4358.0
2055,18383.0,4359.0
2056,18391.0,4362.0
2057,18399.0,4364.0
2058,18408.0,4367.0
2059,18409.0,4368.0
2060,18410.0,4369.0
2061,18426.0,4371.0
2062,18443.0,4374.0
2063,18450.0,4375.0
2064,18459.0,4377.0
2065,18481.0,4378.0
2066,18486.0,4379.0
2067,18501.0,4380.0
2068,18507.0,4383.0
2069,18509.0,4384.0
2070,18513.0,4385.0
2071,18515.0,4386.0
2072,18519.0,4387.0
2073,18523.0,4389.0
2074,18527.0,4392.0
2075,18528.0,4393.0
2076,18541.0,4400.0
2077,18546.0,4401.0
2078,18552.0,3531.0
2079,18555.0,4402.0
2080,18562.0,4405.0
2081,18564.0,4406.0
2082,18587.0,4407.0
2083,18592.0,4408.0
2084,18594.0,2827.0
2085,18595.0,670.0
2086,18596.0,4535.0
2087,18597.0,4440.0
2088,18605.0,4536.0
2089,18614.0,3569.0
2090,18616.0,3560.0
2091,18619.0,4414.0
2092,18620.0,4415.0
2093,18629.0,4419.0
2094,18632.0,4420.0
2095,18644.0,4423.0
2096,18645.0,4424.0
2097,18650.0,4426.0
2098,18653.0,4427.0
2099,18655.0,4459.0
2100,18664.0,4431.0
2101,18669.0,4433.0
2102,18671.0,4434.0
2103,18673.0,4435.0
2104,18677.0,4436.0
2105,18680.0,4437.0
2106,18688.0,4443.0
2107,18690.0,4363.0
2108,18698.0,4449.0
2109,18713.0,4452.0
2110,18722.0,4453.0
2111,18761.0,4508.0
2112,18770.0,4463.0
2113,18771.0,4464.0
2114,18772.0,4465.0
2115,18782.0,4469.0
2116,18799.0,4477.0
2117,18800.0,4479.0
2118,18801.0,4480.0
2119,18810.0,4481.0
2120,18816.0,4482.0
2121,18825.0,4483.0
2122,18827.0,4484.0
2123,18839.0,4487.0
2124,18853.0,4490.0
2125,18856.0,4491.0
2126,18860.0,4493.0
2127,18868.0,4496.0
2128,18871.0,4497.0
2129,18873.0,2947.0
2130,18874.0,4275.0
2131,18897.0,4502.0
2132,18902.0,4489.0
2133,18913.0,4510.0
2134,18915.0,4506.0
2135,18938.0,4511.0
2136,18950.0,4512.0
2137,18964.0,4516.0
2138,18968.0,362.0
2139,18978.0,4524.0
2140,18982.0,4523.0
2141,18992.0,4525.0
2142,19027.0,4532.0
2143,19032.0,4533.0
2144,19041.0,4541.0
2145,19042.0,4542.0
2146,19082.0,4548.0
2147,19098.0,4549.0
2148,19131.0,4555.0
2149,19145.0,4565.0
2150,19159.0,4572.0
2151,19160.0,4573.0
2152,19161.0,4575.0
2153,19222.0,4594.0
2154,19177.0,4577.0
2155,19196.0,4583.0
2156,19198.0,1673.0
2157,19204.0,4587.0
2158,19205.0,4588.0
2159,19216.0,4591.0
2160,19217.0,4592.0
2161,19220.0,4593.0
2162,19230.0,4600.0
2163,19242.0,4601.0
2164,19258.0,4605.0
2165,19269.0,4611.0
2166,19271.0,4781.0
2167,19274.0,4612.0
2168,19286.0,4614.0
2169,19287.0,4615.0
2170,19288.0,3233.0
2171,19289.0,4616.0
2172,19303.0,4619.0
2173,19305.0,4620.0
2174,19311.0,4621.0
2175,19323.0,4622.0
2176,19335.0,4627.0
2177,19337.0,4628.0
2178,19338.0,4629.0
2179,19342.0,4630.0
2180,19343.0,4631.0
2181,19344.0,4569.0
2182,19354.0,4634.0
2183,19357.0,4635.0
2184,19378.0,225.0
2185,19380.0,1559.0
2186,19381.0,2865.0
2187,19400.0,4641.0
2188,19408.0,4643.0
2189,19418.0,4649.0
2190,19420.0,4650.0
2191,19427.0,4654.0
2192,19429.0,4656.0
2193,19430.0,4657.0
2194,19584.0,4677.0
2195,19432.0,4658.0
2196,19443.0,416.0
2197,19489.0,4664.0
2198,19490.0,4665.0
2199,19502.0,4666.0
2200,19530.0,4670.0
2201,19544.0,4214.0
2202,19560.0,1527.0
2203,19567.0,4673.0
2204,19573.0,4674.0
2205,19574.0,324.0
2206,19579.0,4675.0
2207,19583.0,4676.0
2208,19589.0,4678.0
2209,19592.0,4680.0
2210,19593.0,4679.0
2211,19610.0,4687.0
2212,19613.0,4688.0
2213,19630.0,4690.0
2214,19633.0,4691.0
2215,19661.0,4696.0
2216,19671.0,4697.0
2217,19700.0,4699.0
2218,19702.0,3621.0
2219,19709.0,4700.0
2220,19712.0,4701.0
2221,19735.0,4705.0
2222,19745.0,4706.0
2223,19747.0,2983.0
2224,19759.0,4708.0
2225,19761.0,4709.0
2226,19793.0,943.0
2227,19786.0,4716.0
2228,19787.0,4718.0
2229,19795.0,3606.0
2230,19798.0,4720.0
2231,19799.0,4721.0
2232,19801.0,4722.0
2233,19804.0,4723.0
2234,19810.0,4717.0
2235,19816.0,4725.0
2236,19818.0,4726.0
2237,19819.0,4727.0
2238,19820.0,4728.0
2239,19823.0,4729.0
2240,19828.0,4733.0
2241,19829.0,4734.0
2242,19833.0,630.0
2243,19834.0,354.0
2244,19837.0,4736.0
2245,19838.0,4735.0
2246,19840.0,4737.0
2247,19841.0,4738.0
2248,19846.0,2009.0
2249,19847.0,986.0
2250,19848.0,4741.0
2251,19871.0,4743.0
2252,19877.0,1202.0
2253,19895.0,4749.0
2254,19904.0,3190.0
2255,19915.0,802.0
2256,19917.0,4753.0
2257,19922.0,3561.0
2258,19941.0,4756.0
2259,19953.0,2432.0
2260,19954.0,3135.0
2261,19958.0,277.0
2262,19994.0,4761.0
2263,20000.0,4762.0
2264,20002.0,4763.0
2265,20010.0,4764.0
2266,20049.0,671.0
2267,20062.0,4769.0
2268,20065.0,4771.0
2269,20084.0,4773.0
2270,20094.0,4774.0
2271,20099.0,4775.0
2272,20101.0,4776.0
2273,20102.0,4777.0
2274,20124.0,4868.0
2275,20131.0,4782.0
2276,20134.0,4783.0
2277,20136.0,4784.0
2278,20141.0,4785.0
2279,20153.0,4786.0
2280,20161.0,4787.0
2281,20162.0,4789.0
2282,20168.0,4792.0
2283,20174.0,4793.0
2284,20198.0,4795.0
2285,20234.0,4798.0
2286,20237.0,4799.0
2287,20266.0,4801.0
2288,20278.0,4802.0
2289,20289.0,4803.0
2290,20299.0,4804.0
2291,20301.0,4842.0
2292,20305.0,4805.0
2293,20314.0,4806.0
2294,20321.0,4808.0
2295,20335.0,4810.0
2296,20354.0,4811.0
2297,20365.0,1769.0
2298,20370.0,4823.0
2299,20413.0,4835.0
2300,20415.0,4836.0
2301,20436.0,4837.0
2302,20446.0,4838.0
2303,20517.0,4845.0
2304,20535.0,4847.0
2305,20538.0,4849.0
2306,20543.0,4851.0
2307,20549.0,4852.0
2308,20557.0,4854.0
2309,20564.0,4855.0
2310,20570.0,4090.0
2311,20598.0,4857.0
2312,20606.0,3447.0
2313,20642.0,4859.0
2314,20648.0,72.0
2315,20669.0,4200.0
2316,20673.0,4860.0
2317,20683.0,4861.0
2318,20721.0,4871.0
2319,20747.0,4862.0
2320,20760.0,4863.0
2321,20763.0,4865.0
2322,20765.0,4858.0
2323,20771.0,4874.0
2324,20779.0,4684.0
2325,20784.0,4878.0
2326,20789.0,4882.0
2327,20793.0,4883.0
2328,20811.0,4884.0
2329,20815.0,4885.0
2330,20816.0,2075.0
2331,20820.0,4886.0
2332,20829.0,4887.0
2333,20844.0,4935.0
2334,20860.0,4892.0
2335,20887.0,4894.0
2336,20898.0,4846.0
2337,20899.0,4895.0
2338,20902.0,4049.0
2339,20918.0,4896.0
2340,20921.0,4897.0
2341,20939.0,4900.0
2342,20955.0,4903.0
2343,20956.0,4901.0
2344,20964.0,1289.0
2345,20965.0,4904.0
2346,20968.0,4905.0
2347,20970.0,4906.0
2348,20973.0,4907.0
2349,20974.0,2789.0
2350,20981.0,4910.0
2351,20985.0,4911.0
2352,21007.0,4936.0
