,Country,lat,lon
Aall ulefoss,Norway,59.28382300000001,9.264594899999999
Abjora,Norway,65.04275319999999,12.7946057
Aboño,Spain,43.4810245,-5.801112499999999
Abwinden asten,Austria,48.2188234,14.4202806
Acceglio,Italy,44.47501500000001,6.988893
Aceca ib,Spain,39.95,-3.85
Aceca uf,Spain,39.95,-3.85
Acerra,Italy,40.9441091,14.371438
Acquoria,Italy,41.9627412,12.7817991
Adamselv,Norway,70.32845929999999,26.7116388
Adamów,Poland,51.7430636,22.2640542
Adria,Italy,45.0555487,12.0560381
Aes ottana energia s.r.l,Italy,40.2338,9.0421
Aet leventina,Switzerland,46.5315975,8.7195556
Agdenes,Norway,63.5137872,9.6812502
Aggius bortigiadas viddalba,Italy,40.8909278,9.042497599999999
Aggius viddalba,Italy,40.9300376,9.064926999999999
Aghada prod,Ireland,51.836983,-8.2089958
Agordo,Italy,46.2838939,12.0345018
Agras,Greece,40.8058655,22.0032706
Agri,Italy,40.2577317,16.6022827
Aguayo,Spain,43.0752838,-4.018466099999999
Aguieira,Portugal,40.530463,-7.921155499999998
Ahrensfelde,Germany,52.5817191,13.5747926
Aigle,France,48.764651,0.628715
Airasca,Italy,44.9171106,7.4893491
Airole,Italy,43.8712411,7.5555666
Akland,Norway,58.730746,9.045152999999999
Akraelva,Norway,59.8041089,6.0989735
Akw wägital,Switzerland,47.08779579999999,8.9224821
Al,Norway,60.6303103,8.5610796
Ala,Italy,45.7625639,11.0051732
Alanno,Italy,42.296299,13.9677519
Albano,Italy,41.7284572,12.6589426
Albapower spa,Italy,44.7034132,8.026922899999999
Alberona mezzanelle,Italy,41.432188,15.1242439
Alcamo,Italy,37.9783947,12.9686255
Alcantara nord,Italy,37.895526,15.07923
Alcantara sud,Italy,37.895526,15.07923
Alfonsine,Italy,44.5059036,12.0430671
Alg,Spain,41.4025054,2.1934685
Alholmens kraft,Finland,63.70497340000001,22.6947953
Aliveri,Greece,38.4092722,24.0400763
Almaraz,Spain,39.814327,-5.675295699999999
Alqueva,Portugal,38.2312544,-7.557223100000001
Alta krv,Norway,69.95502979999999,23.3279046
Alta tra,Norway,69.95502979999999,23.3279046
Altbach deizisau,Germany,48.72227969999999,9.380059
Altenwörth,Austria,48.38507999999999,15.86117
Alto garda srl,Italy,45.8844662,10.842177
Alto lindoso,Portugal,41.8721126,-8.202874399999999
Altomonte,Italy,39.69848169999999,16.1289488
Amagervaerket,Denmark,55.68372240000001,12.6244942
Amaroni,Italy,38.792906,16.4462245
Ambiente,Italy,45.4717019,9.2100428
Ambieta,Spain,42.2147039,-7.7090863
Amdal,Norway,59.6562386,6.315714499999999
Amela,Norway,62.0091257,5.8372718
Amer,Netherlands,51.7229284,4.7556579
Amercoeur tgv,Belgium,50.6362947,5.5917374
Amli,Norway,58.7702389,8.4897388
Amyndeo,Greece,40.6905178,21.6797432
Ana sira,Norway,58.2924889,6.440261100000001
Andonno c.,Italy,44.2952993,7.429002999999999
Anholt,Denmark,56.71199559999999,11.5547024
Anllares,Spain,42.8466592,-6.544314699999999
Aoou,Greece,39.6436757,20.8663056
Appia energy s.r.l.,Italy,40.5878971,17.1160344
Aramon,France,43.89084099999999,4.679412999999999
Arcos,Spain,36.7560042,-5.8116522
Ardenno,Italy,46.1700698,9.6507395
Ardnacrucha production unit,Ireland,52.70909839999999,-8.6139472
Ariano irpino,Italy,41.1548934,15.0922763
Arlifoss,Norway,59.68092,9.149846
Arna,Norway,60.426748,5.454286199999999
Aros,Sweden,59.60990049999999,16.5448092
Aroy,Norway,58.8961373,9.581169299999999
Arrubal,Spain,42.434452,-2.2519623
Arsie',Italy,45.9830102,11.756288
Arvik,Norway,70.1935421,20.5312973
Aschach,Austria,48.3641034,14.0193903
Asco,Spain,41.1827575,0.5671571
Ascoli deliceto,Italy,41.2033413,15.5627449
Ascoli porta romana,Italy,42.8535259,13.5617683
Ascoli satriano,Italy,41.2033413,15.5627449
Ascoli satriano località lagnano pozzo zingaro,Italy,41.2033413,15.5627449
Asebotn,Norway,59.05540659999999,6.648529799999999
Aselva,Norway,63.6150117,9.7131293
Asen,Norway,63.6082353,11.0517689
Askara,Norway,61.78333329999999,5.6666667
Askerudfoss,Norway,60.72470509999999,11.8019472
Asnaesvaerket,Denmark,55.6606658,11.0845619
Asnes,Norway,60.61319750000001,12.0108574
Asomata,Greece,40.4869972,22.2332384
Assemini,Italy,39.2106099,9.0018424
Aston,France,42.774335,1.675064
Aughinish alumnia sealrock,Ireland,52.6211111,-9.066111099999999
Augusta c.le,Italy,37.2500684,15.2216971
Aukland,Norway,58.2062969,7.9222525
Aunfoss,Norway,64.310453,11.5208419
Aura,Norway,60.39191899999999,5.330715
Aurland,Norway,60.9068343,7.190534899999999
Auvere kondensatsioonielektrijaam,Estonia,59.3186346,27.9158382
Avedoerevaerket,Denmark,55.6035926,12.4812653
Avella,Norway,59.9082141,10.7445058
Aventino,Italy,41.8824826,12.4776405
Aviglaino,Italy,40.7299,15.7145967
Avignon,France,43.94931700000001,4.805528
Avise,Italy,45.7086376,7.139643800000001
Azotati,Italy,45.462577,12.2344301
Azoty tarnów,Poland,51.4508204,21.9841354
Bagaladi,Italy,38.0254433,15.8210305
Bagn,Norway,60.8224903,9.5520722
Bagnore,Italy,42.8467047,11.5678615
Bahiab,Spain,36.436139,-5.107680999999999
Baix logis neuf,France,44.66236,4.791905
Baixo sabor montante,Portugal,41.4887656,-6.8677325
Ballangen,Norway,68.3429339,16.8314179
Balsfjord,Norway,69.2389558,19.2260271
Balsorano,Italy,41.7917551,13.5784012
Barcis,Italy,46.19071779999999,12.5592842
Bardonecchia,Italy,45.07428609999999,6.6960506
Bardonetto,Italy,45.4078695,7.4896508
Bardufoss,Norway,69.0643084,18.5385152
Bardukrv,Norway,68.76474809999999,18.4388618
Bargi,Italy,44.1260632,11.0588536
Barletta mw,Italy,41.3196635,16.2838207
Barrios,Spain,36.1850645,-5.4925573
Baschi,Italy,42.66938649999999,12.2163084
Baselice edens,Italy,41.3920535,14.9732297
Basilio,Italy,39.5240951,9.2009815
Bastardo,Italy,42.8714814,12.5602688
Bastusel,Sweden,64.1607688,19.5016489
Bathie,France,45.6262169,6.449892999999999
Battiggio,Italy,45.98437,8.1251984
Beauchastel,France,44.8258962,4.8028322
Begna,Norway,60.6444984,9.847696400000002
Belleville,France,48.8728179,2.389461
Bemposta,Portugal,41.3077834,-6.503643299999999
Bergeforsen,Sweden,62.5253472,17.3746134
Bergerfoss,Norway,60.2275992,10.3756807
Bergkamen,Germany,51.6158082,7.6429742
Bergsbotn,Norway,69.4414418,17.4211976
Berild,Norway,59.9572101,10.6853184
Beringen,Belgium,51.04793,5.21862
Besos,Spain,41.4833798,2.2187607
Bessakerfjellet,Norway,64.2222724,10.3723215
Bexbach,Germany,49.35602249999999,7.255374499999999
Bełchatów,Poland,51.3687535,19.3564248
Biccari,Italy,41.3984747,15.1980786
Bingsfoss,Norway,59.98910970000001,11.2596954
Biogen chivasso,Italy,45.1999726,7.8899754
Biolevano biomassa,Italy,45.2207816,8.7035295
Biomasse bando d'argenta,Italy,44.6510294,11.8919009
Biopower sardegna,Italy,40.23429429999999,9.0425556
Biovento,Italy,41.1297613,14.7826208
Birkeland,Norway,58.33091469999999,8.232289399999999
Bisaccia,Italy,41.0153354,15.3758878
Bisaccia mw,Italy,41.0153354,15.3758878
Bjelland,Norway,58.3849359,7.527695599999999
Bjerka,Norway,66.14611119999999,13.8350049
Bjolvefossen,Norway,60.4307598,6.4294576
Bjolvo,Norway,60.4245323,6.359846699999999
Bjordal,Norway,61.07249579999999,5.827476
Bjorendal,Norway,61.07249579999999,5.827476
Bjorkasen,Norway,68.3309949,16.7901782
Bjorndalselva,Norway,67.3504778,15.5148521
Blachownia,Poland,50.78505,18.96224
Blafalli,Norway,59.8580099,6.0171978
Blayais,France,45.126841,-0.662941
Blenio ofible,Switzerland,46.5352422,8.943885
Blenod,France,48.8811589,6.053062
Boazzo,Italy,46.0018781,10.517251
Boffalora,Italy,45.46282710000001,8.8293459
Boffetto,Italy,46.1615346,9.9527383
Bohunice,Slovakia,49.0173878,18.2000097
Bolarque,Spain,40.3621359,-2.8146957
Bolognano,Italy,42.2175727,13.955007
Bonorva,Italy,40.4168517,8.7688864
Bordogna,Italy,45.95206169999999,9.7203608
Borgo sabotino,Italy,41.4181392,12.8486076
Borgo trento,Italy,46.0747793,11.1217486
Borgund,Norway,61.0473886,7.812384199999999
Borkum riffgrund,Germany,53.593131,6.704731199999999
Borssele,Netherlands,51.4256645,3.733669699999999
Bort,France,45.400996,2.495397
Bortveit,Norway,59.89272899999999,5.5139111
Borzesti,Romania,46.2375538,26.8264364
Bourg les valence,France,44.94703699999999,4.894633
Bovino,Italy,41.2682521,15.3716684
Boxberg,Germany,49.48181779999999,9.6375251
Boylefoss,Norway,58.59798059999999,8.7173151
Bradisoru,Romania,45.0807648,21.7183396
Braila,Romania,45.2652463,27.9594714
Brandaa,Norway,63.0955621,9.1879675
Bratsberg,Norway,63.3493642,10.4819594
Brazi,Romania,44.883333,26.0
Breiava,Norway,70.5972783,22.1088275
Breive,Norway,70.5972783,22.1088275
Brekke,Norway,61.01874609999999,5.4616181
Brekkefoss,Norway,61.7231538,5.837689399999999
Brennilis,France,48.357285,-3.85065
Bressanone,Italy,46.7177048,11.6572436
Brindisi nord,Italy,40.6327278,17.9417616
Brindisi sud ce,Italy,40.6220201,17.9437692
Brokdorf,Germany,53.8632511,9.324380999999999
Brokke,Norway,59.0943086,7.4490846
Brommat,France,44.83062899999999,2.6841
Brossasco,Italy,44.5699208,7.362781699999998
Brunico,Italy,46.79657359999999,11.9380416
Brunstad,Norway,62.3816339,6.5741103
Bruvollelva,Norway,60.4404384,11.5015037
Bryggja,Norway,61.9407247,5.448953899999999
Bucuresti sud,Romania,44.4267674,26.1025384
Bucuresti vest,Romania,44.4463656,25.9645109
Buddusò alà dei sardi,Italy,40.5770405,9.255043500000001
Bugey,France,45.95843600000001,5.359556
Buglia,Italy,45.8216546,8.889423299999999
Burghausen,Germany,48.1725613,12.8310753
Bussento,Italy,40.10039159999999,15.5005487
Bussi,Italy,42.2135849,13.8253915
Bussolengo,Italy,45.4732537,10.8507277
Byafossen,Norway,64.0319904,11.5484121
Bydgoszcz,Poland,53.12348040000001,18.0084378
Byrkjelo,Norway,61.733299,6.5069117
Byrte,Norway,59.5604452,7.8136198
C.le eolica pietramontecorvino,Italy,41.5432306,15.1316634
C.le ferrara cassana,Italy,44.8381237,11.619787
C.le hera modena cavazza,Italy,44.6584644,10.9176241
Ca del bue,Italy,40.2469717,9.6228889
Cabot ravenna cte,Italy,44.4183598,12.2035294
Cabril,Portugal,41.7137775,-8.035618399999999
Caccamo,Italy,37.9313776,13.6652138
Cadarese,Italy,46.2971604,8.360331799999999
Caderousse,France,44.102091,4.756495999999999
Caffaro,Italy,45.8190939,10.4966039
Cairo,Italy,44.4069442,8.3197946
Cairo montenotte,Italy,44.4069442,8.3197946
Calcinere,Italy,44.6882238,7.233116099999999
Calice,Italy,44.2045552,8.294812799999999
Callari,Italy,39.2238411,9.1216613
Calore,Italy,41.0528131,14.9571385
Camas maida,Italy,38.887938,16.3817021
Campagna,Italy,40.6670887,15.1068113
Campliccioli,Italy,41.0838829,9.546487899999999
Campo,Italy,41.8955854,12.4721632
Campo moro,Italy,46.3018509,9.9282503
Campomaggiore,Italy,40.5628427,16.0816536
Camporeale,Italy,37.8935967,13.0875535
Canavese,Italy,45.391156,7.781129999999999
Cancellara,Italy,40.7206344,15.9112424
Candela,Italy,41.1348576,15.5148587
Caneva,Italy,45.9681261,12.4480132
Canterno,Italy,41.9378731,13.041455
Caoria,Italy,46.1921708,11.6843358
Capodiponte,Italy,46.029861,10.3466388
Capriati,Italy,41.4683793,14.1478287
Carboli,Italy,43.7956345,11.1831816
Cardano,Italy,45.6455568,8.7716745
Carlentini,Italy,37.2698234,15.014569
Carona,Italy,46.02538879999999,9.8325488
Caroso borzonasca,Italy,44.4369114,9.3978891
Carpinone,Italy,41.5922026,14.3239586
Carrapatelo,Portugal,41.1124737,-8.0035946
Cartiera reno medici santa giustina,Italy,46.0734131,12.0364362
Carzano,Italy,46.0729249,11.4921891
Casella c.le,Italy,45.7892683,11.9167245
Cassano,Italy,39.784712,16.3210165
Cassino,Italy,41.4866953,13.8332193
Cassino meta,Italy,40.64788300000001,14.4088385
Castejo,Spain,42.1708012,-1.6894332
Castel giubileo,Italy,41.9873147,12.5054259
Castel lucio,Italy,37.887652,14.3132362
Castel madama,Italy,41.9755154,12.8696673
Castelbello,Italy,46.6383258,10.9413657
Casteldelf,Italy,43.54823409999999,10.8595743
Castellaneta,Italy,40.62804180000001,16.9397385
Castellaneta wind farm,Italy,40.62804180000001,16.9397385
Castelletto,Italy,45.6865805,10.7495339
Castello,Spain,40.1451772,-0.1494988
Castelmassa,Italy,45.02219900000001,11.3114098
Castelnou,Spain,41.2278672,-0.3645379
Castelnuovo conza,Italy,40.8190909,15.3197044
Castelnuovo della daunia,Italy,41.5840451,15.1204157
Castelo bode,Portugal,39.542778,-8.319722
Castrocucco,Italy,39.93698029999999,15.7633592
Casuzze,Italy,36.7900105,14.5253628
Cattenom,France,49.406263,6.243668
Cccc petrom brazi,Romania,44.883333,26.0
Ccgt aprilia,Italy,41.5944018,12.6560314
Cedegolo,Italy,46.0770081,10.3488161
Celano,Italy,42.08225119999999,13.5429874
Cencenighe,Italy,46.3419309,11.9713853
Centro olio val d'agri,Italy,40.3140247,15.8980751
Ceprano,Italy,41.5443553,13.512173
Cer castelfranco,Italy,45.6716942,11.9282388
Charlottenburg,Germany,52.5166023,13.3041054
Chastang,France,45.172484,1.734632
Chatillon,Italy,45.7485816,7.6128015
Chavonne,Italy,45.7019007,7.219332
Cheylas,France,45.370801,5.992381
Chiavenna,Italy,46.3271725,9.401207099999999
Chievo,Italy,45.4626127,10.9149339
Chievolis,Italy,46.2545519,12.7353981
Chinon,France,47.167296,0.240385
Chiomonte,Italy,45.1177836,6.9834046
Chiusdino,Italy,43.1893594,11.1390878
Chivasso,Italy,45.19003840000001,7.888952
Chooz,France,50.102368,4.807117
Chorzów,Poland,50.2974884,18.9545728
Chp evn plovdiv,Bulgaria,42.1354079,24.7452904
Chp ruse,Bulgaria,43.83557130000001,25.9656554
Cimego,Italy,45.9117544,10.6134314
Cimena,Italy,45.1557075,7.863483599999999
Civaux,France,46.444209,0.664866
Cividate,Italy,45.9444587,10.2791907
Claus,Netherlands,52.3655662,4.8987878
Cocullo,Italy,42.0319914,13.7750784
Cofrentes,Spain,39.229485,-1.0616065
Cogenerazione aeroporto fiumicino,Italy,41.7998868,12.2462384
Cogenerazione bardonecchia,Italy,45.07428609999999,6.6960506
Cogenerazione elyo presso michelin cuneo,Italy,44.3844766,7.5426711
Cogenerazione roquette italia,Italy,44.7584701,8.8546973
Coghinas,Italy,40.919771,8.8521434
Cogolo,Italy,46.3477949,10.6965438
Colari,Italy,40.5532009,14.222154
Cologno monzese,Italy,45.528603,9.2787075
Colori del vento,Italy,45.76233329999999,11.690976
Combe d'avrieux,France,45.2149829,6.720537999999999
Combigolfe,France,43.4089592,4.8678877
Comunacqua,Italy,41.8645308,13.1984085
Comunanza,Italy,42.9546532,13.4120389
Contrada corvo cozzo miturro,Italy,45.2050768,8.612361000000002
Coo,Belgium,50.39343,5.86944
Cordemais,France,47.291429,-1.876729
Cordenons,Italy,45.9858407,12.7035513
Corenno,Italy,46.0900097,9.310951099999999
Corfino,Italy,44.1808162,10.37829
Cornia,Italy,44.29863719999999,10.6990438
Coscile,Italy,39.6848573,16.3128536
Costa grande,Italy,41.5855985,13.3762382
Cotilia,Italy,42.3822584,13.0137323
Couesque,France,44.6962844,2.5851783
Covalou,Italy,45.77561,7.593290000000001
Cozzo vallefondi,Italy,45.2050768,8.612361000000002
Craiova,Romania,44.3301785,23.7948807
Crego,Italy,46.2562721,8.3404354
Crestuma,Portugal,41.06354169999999,-8.5000342
Creva,Italy,45.9950115,8.7567682
Crevola d.,Italy,46.1485563,8.2866334
Croix metz,France,49.0981955,6.1715665
Crotone,Italy,39.0807932,17.1271102
Cruas,France,44.656914,4.765255
Cte del mincio,Italy,45.25484780000001,10.821336
Cucchinadorza,Italy,40.1302404,9.1359301
Curbans,France,44.427565,6.035874
Curon,Italy,46.80811079999999,10.5407426
Dale,Norway,60.59364100000001,5.801007
Dale tue,Norway,60.59364100000001,5.801007
Dalen,Norway,59.4450745,8.0053846
Dalvatn,Norway,69.6087069,30.0244315
Dampierre,France,48.705142,1.984545
Darfo,Italy,45.89724030000001,10.195664
Deliceto,Italy,41.2230168,15.3861953
Deliceto torretta,Italy,41.2230168,15.3861953
Dell'alvano aquilea,Italy,45.76816909999999,13.3687199
Den haag,Netherlands,52.0704978,4.3006999
Diemen,Netherlands,52.3389926,4.9591888
Dimitrios,Greece,37.9356939,23.7294558
Dirinon,France,48.39819360000001,-4.269775399999999
Dittielva,Norway,68.6432349,18.771043
Dividalen,Norway,68.848561,19.5704171
Djupfjord,Norway,68.6088891,15.454997
Doel,Belgium,51.31059759999999,4.264974899999999
Dokka kr,Norway,60.8400064,10.061805
Dokka tr,Norway,60.8400064,10.061805
Dokkelva,Norway,61.1826728,9.871242900000002
Donaustadt,Austria,48.235551,16.4623916
Donzere mondragon,France,44.3311248,4.717415
Dormagen,Germany,51.09368509999999,6.828911199999999
Dotto ciorlano,Italy,41.4499878,14.1596149
Dragefossen,Norway,67.101958,15.395471
Driva,Norway,62.59448809999999,8.8866494
Drobeta,Romania,44.6369227,22.6597342
Drogenbos tgv,Belgium,50.7875382,4.3164506
Dronero c.,Italy,44.4658423,7.3656691
Dublin bay prod,Ireland,53.29252959999999,-6.4262093
Duino,Italy,45.7753929,13.6026211
Dversetelva,Norway,67.1449377,15.2916218
Dychów,Poland,51.9863325,15.0608199
Dynjanfoss,Norway,58.95188760000001,8.346714799999999
E.on c.te livorno ferraris,Italy,45.2817294,8.084918199999999
Eall s. vittore del lazio,Italy,41.4601815,13.9319409
Ebro alto,Spain,42.4152978,-2.027319
Ec białystok,Poland,53.13248859999999,23.1688403
Ec nowa sarzyna,Poland,50.3159351,22.324503
Ec rzeszów,Poland,50.0411867,21.9991196
Ec siekierki,Poland,52.2116146,21.0760411
Ec wrotków,Poland,51.2165356,22.5591116
Ec włocławek,Poland,52.6483303,19.0677357
Ec łódź,Poland,51.7405067,19.4404136
Echv,Czech Republic,51.960143,5.2233223
Edenderry prod,Ireland,53.34962909999999,-7.0507765
Edet,Sweden,58.132158,12.1241336
Edolo,Italy,46.1804266,10.3298933
Eegpe,Spain,38.5361833,-0.1314826
Eemshaven,Netherlands,53.4385887,6.8354937
Eesqui,Spain,40.4087004,-3.6956139
Eesti elektrijaam,Estonia,59.2743435,27.9086465
Eid,Norway,61.9206441,6.0118765
Eidefossen,Norway,61.80454379999999,9.3017814
Eidseter,Norway,60.37907139999999,11.0743721
Eidsfo,Norway,59.59388850000001,10.0417957
Eidsfoss,Norway,59.59388850000001,10.0417957
Eidsfossen sfe,Norway,61.7557051,6.246569999999999
Eikelandsosen,Norway,60.24175529999999,5.744339399999999
Einunna,Norway,62.2181435,10.3689763
Eiriksdal,Norway,62.4761474,8.1743356
Eitro,Norway,60.30847610000001,7.323033400000001
Ekkjestolen,Norway,58.98641,6.190439599999999
Ekw engadiner,Switzerland,46.6230545,10.1929951
Elce,Italy,42.6434974,13.5315812
Elcogas,Spain,38.6883351,-4.1095429
Eldrevatn,Norway,60.99335319999999,8.1504189
Electra massa em,Switzerland,46.3335259,8.0076568
Elettrica biomassa serramanna,Italy,39.42251359999999,8.921749
Elettrica manfredonia paglia,Italy,41.6307347,15.9165105
Elettrogorizia,Italy,45.921973,13.6055895
Ellenelva,Norway,69.1694347,28.999936
Elpedison thess,Greece,38.237202,22.949967
Elpedison thisvi,Greece,38.237202,22.949967
Elverlingsen,Germany,51.2753369,7.706670699999999
Eme,Czech Republic,33.910849,-118.219424
Emmezeta solar park rovigo,Italy,45.0698118,11.7902158
Emosson esa,Switzerland,46.0831928,6.914189299999999
Emsland,Germany,52.7253212,7.463152499999999
Enecogen,Netherlands,51.9578535,4.0924342
Energetika ljubljana,Slovenia,46.076632,14.500956
Energia alternativa,Italy,41.6701601,13.1503252
Energia molise,Italy,41.5880195,14.6728535
Enga,Norway,66.7782837,13.532544
Eni s.p.a. raffineria sannazzaro,Italy,45.0989571,8.87553
Eni s.p.a. raffineria venezia,Italy,45.4651849,12.264538
Enipower brindisi,Italy,40.6327278,17.9417616
Enipower ferrera erbognone,Italy,45.1149,8.86371
Enipower livorno,Italy,43.548473,10.3105674
Enipower mantova,Italy,45.1502642,10.8349157
Enipower ravenna,Italy,44.4420033,12.2379466
Enipower taranto,Italy,40.46436060000001,17.2470303
Enna,Italy,37.5099321,14.262851
Ensdorf,Austria,48.2113001,14.5035805
Enstedvaerket,Denmark,55.02062069999999,9.434897099999999
Entracque chro,Italy,44.2439659,7.3964073
Entracque rovina,Italy,44.1758507,7.342878799999999
Eolicolucera borgosangiusto,Italy,41.4298888,15.4031472
Eolo tempio pausania,Italy,40.9031356,9.104066999999999
Eos faeto,Italy,41.3233966,15.1626884
Epc,Czech Republic,38.7971025,-90.56404719999999
Epr,Czech Republic,39.1028623,-94.581547
Erne production,Ireland,54.5039034,-8.229418299999999
Esbjergvaerket,Denmark,55.456335,8.4552509
Eta spa,Italy,45.79200530000001,9.1779906
Etem,Czech Republic,33.8691612,-98.57681749999999
Eti,Czech Republic,36.09827,-95.885097
Etu,Czech Republic,38.2835463,-77.4888314
Eurowindordona,Italy,41.1938101,15.5671569
Evanger,Norway,60.6471996,6.1121788
Evenstad,Norway,61.42413409999999,11.0974715
Faberg,Norway,61.16818240000001,10.4055732
Fadalto,Italy,46.0714347,12.3411223
Faenza convertite,Italy,44.3127019,11.8612707
Faeto difesa,Italy,41.3233966,15.1626884
Fagervollan,Norway,66.3532331,13.6106118
Fall,Norway,60.66933909999999,10.3630878
Famagosta,Italy,45.4371411,9.1686693
Fana,Norway,60.2630972,5.345251999999999
Fardal,Norway,61.1918493,7.023177700000001
Farfa,Italy,42.2215354,12.7183043
Farma wiatrowa banie,Poland,53.1003969,14.6627038
Farma wiatrowa margonin,Poland,52.9731367,17.0947488
Farneta,Italy,44.3506669,10.5692585
Faslefoss,Norway,59.28382300000001,9.264594899999999
Fattoria eolica santa luce,Italy,43.4726689,10.5649492
Fedio,Italy,44.3248584,7.275064400000001
Fenestrelle,Italy,45.0365711,7.048518899999999
Ferranti,Italy,45.5026406,9.2290101
Ferrara aranova,Italy,44.8270794,11.5774885
Ferrara focomorto,Italy,44.8334537,11.6788584
Fessenheim,France,47.91470899999999,7.537625999999999
Fhkw linz mitte,Austria,48.2992333,14.3229459
Fhkw linz süd,Austria,48.267835,14.3468105
Fhkw mellach,Austria,46.9110662,15.487679
Filippo del mela,Italy,38.1691648,15.2742899
Finndola,Norway,60.87735859999999,8.5267276
Finnfjordbotn,Norway,69.2356183,18.0939939
Finsa,Norway,60.60507399999999,7.504649
Fiume santo,Italy,40.8037108,8.2637114
Fiumesanto,Italy,40.8037108,8.2637114
Fjone,Norway,59.1546382,8.4527352
Flamanville,France,49.53207,-1.865804
Florinas,Italy,40.6489714,8.660949800000001
Florli,Norway,59.01666699999999,6.433332999999999
Floro caraffa,Italy,38.8586834,16.5487857
Flumendosa,Italy,39.46931259999999,9.522927400000002
Foiano,Italy,43.2647764,11.8093583
Foiano ampliamento,Italy,43.2647764,11.8093583
Foiano val fortore,Italy,41.3444525,14.9505671
Follafoss,Norway,63.98555750000001,11.1072278
Follum,Norway,60.205883,10.235226
Fondovalle,Italy,44.48488,10.8629
Fontana bianca,Italy,46.4853062,10.8315293
Forenza,Italy,40.8548526,15.8611417
Forno zoldo,Italy,46.34589829999999,12.1771585
Forsa,Norway,68.2819899,16.6257991
Forsand,Norway,58.9894948,6.4540668
Forsanvatn,Norway,58.9894948,6.4540668
Forsland,Norway,66.272943,12.8853581
Forsmark block,Sweden,60.371024,18.1546133
Forsmo,Sweden,63.26451590000001,17.1823976
Forssa,Finland,60.81463189999999,23.6339467
Fortun,Norway,61.495015,7.688706700000001
Forus,Norway,58.891882,5.734157499999999
Fossa del lupo,Italy,43.2466124,11.9736832
Fossan,Norway,63.2699955,11.0069364
Fossan halogalan,Norway,63.2699955,11.0069364
Fosse,Norway,60.3974917,5.3244568
Fossheim,Norway,61.8383854,8.5725325
Fossum,Norway,59.9591955,10.6269062
Fotovoltaico enersol,Italy,44.9922208,9.0194856
Fr.stad bioel,Norway,62.2034454,5.1708738
Framruste,Norway,61.9600094,7.851177000000001
Franciosa,Italy,41.91364009999999,12.452391
Francofonte,Italy,37.2260514,14.8786187
Franzi,Italy,44.1346114,9.6821813
Fratel,Portugal,39.6274453,-7.7466778
Frechen wachtberg,Germany,50.9122488,6.815995699999999
Freudenau,Austria,48.1889637,16.4410532
Frimmersdorf,Germany,51.0456197,6.5771538
Fritzoe,Norway,59.0509903,10.0229834
Frogner,Norway,59.91673919999999,10.706842
Froland,Norway,58.5096946,8.634495
Fucine,Italy,46.3103546,10.7300948
Funna,Norway,63.4515598,11.7632609
Funnefoss,Norway,60.18174999999999,11.5342486
Furlo,Italy,43.63908379999999,12.7139543
Fusina t.,Italy,45.4193759,12.256168
Fw darłowo,Poland,54.4210664,16.410611
Fw korytnica,Poland,52.414398,21.8495997
Fw marszewo,Poland,54.511786,16.701735
Fygle,Norway,68.14666830000002,13.6377757
Fynsvaerket,Denmark,55.427832,10.405168
Gabčíkovo,Slovakia,47.8924248,17.576669
Galati,Romania,45.4353208,28.0079945
Gallejaur,Sweden,65.1552426,19.4384573
Galleto,Italy,45.8257158,8.9877042
Gallicano,Italy,44.0449275,10.4284178
Gandvik,Norway,70.0166574,29.1421801
Gardona,Italy,45.6181853,10.5595645
Gargano,Italy,41.7333333,15.7666667
Gargnano,Italy,45.6885992,10.6617328
Gasturbiner halmstad,Sweden,56.6743748,12.8577885
Gasturbiner malmö,Sweden,55.604981,13.003822
Gavino pabillonis,Italy,39.5957653,8.7186359
Gdańsk,Poland,54.35202520000001,18.6466384
Gde dixence gd,Switzerland,46.0806364,7.4028605
Gdfsuez nl ec,Netherlands,52.0455637,4.4836968
Gdk mellach,Austria,46.9420949,15.5150219
Gdynia,Poland,54.5188898,18.5305409
Geithusfoss,Norway,59.59388850000001,10.0417957
Gelderland kv,Netherlands,52.045155,5.8718235
Genissiat,France,46.050922,5.803215
Gennevilliers,France,48.925525,2.293275
Genova t.,Italy,44.4056499,8.946256
Georgios,Greece,37.4770138,23.9268811
Gerlos,Austria,47.2248574,12.0306257
Gerola,Italy,46.0595826,9.5507545
Gerosa,Italy,45.8505191,9.575858199999999
Gerstheim,France,48.38069000000001,7.695487
Giacomo,Italy,42.8000634,13.5719932
Giarratana,Italy,37.0485436,14.7933956
Ginestra,Italy,40.9304388,15.729718
Ginestra degli schiavoni,Italy,41.277273,15.0498966
Giorgio molara,Italy,41.27096359999999,14.9201891
Giovanni in galdo,Italy,41.5915582,14.7522893
Girifalco,Italy,38.8240653,16.4209345
Girifalco peg,Italy,38.8240653,16.4209345
Giskemo,Norway,62.48135749999999,6.8139132
Gissi,Italy,42.019191,14.544392
Giugliano fv,Italy,40.9285635,14.2032077
Giunchetto,Italy,43.7972388,7.6969821
Gjerdsvik,Norway,62.264246,5.580342
Gjovik,Norway,60.7954302,10.6916303
Gkm amprion,Germany,49.4445252,8.4995233
Gkw hannover gkh,Germany,52.3758916,9.732010400000002
Glomfjord,Norway,66.8166325,13.9440435
Goglio,Italy,46.2947451,8.2636604
Goglio devero,Italy,46.2947451,8.2636604
Golfech,France,44.114113,0.851985
Gonnosfanadiga,Italy,39.4960333,8.6629699
Gordona,Italy,46.2913781,9.3659339
Govora,Romania,45.079365,24.1845467
Grana,Norway,62.8776461,9.7151952
Grand maison,France,45.205931,6.117151
Gravedona,Italy,46.1485418,9.3085677
Gravelines,France,50.98707,2.125537
Gravfoss,Norway,59.93094939999999,9.9474168
Gravina ne,Italy,40.8171447,16.418512
Greci,Italy,41.2530228,15.1693633
Greci montaguto,Italy,41.2496359,15.2481372
Gregorio magno,Italy,40.6594786,15.4031252
Greifenstein,Austria,48.34281,16.2313
Gressoney,Italy,45.7803313,7.8250484
Grigno,Italy,46.01698870000001,11.6312371
Groa,Norway,62.64398370000001,8.729954000000001
Grohnde,Germany,52.0192026,9.419517599999999
Gronsdal,Norway,59.96753520000001,6.572109999999999
Gronvollfoss,Norway,59.6514712,9.2139714
Grosio,Italy,46.2981557,10.2746514
Grosotto,Italy,46.2799378,10.2585294
Grottole mw,Italy,40.6451257,16.3699271
Grov,Norway,68.67643830000002,17.1207835
Grunnai,Norway,59.53099959999999,8.7426386
Grytaga,Norway,67.3511012,15.1880495
Grytdalen,Norway,60.8421897,6.465423299999999
Gryto,Norway,68.92155989999999,16.5271902
Grytten,Norway,62.4695759,7.765510799999999
Grytten kraftver,Norway,62.4695759,7.765510799999999
Gtg gtg,Italy,45.579923,9.04203
Gthkw nossener bruecke,Germany,51.0416778,13.7071616
Guadalquiv,Spain,37.4691473,-4.572951499999999
Guarcino,Italy,41.80075,13.3109619
Guardia,Italy,41.25637649999999,14.5993847
Guardo,Spain,42.7890255,-4.8474389
Guarnieri,Italy,45.452222,12.3481486
Guillena,Spain,37.5429955,-6.056855199999999
Gundremmingen,Germany,48.5009611,10.4041776
Guolas,Norway,69.35,21.1
Guspini,Italy,39.5393102,8.627334399999999
Gösgen,Switzerland,47.3813024,7.9278944
H. hoyanger,Norway,61.2200648,6.0757441
Haapaniemi,Finland,62.22382099999999,25.8517644
Haapavesi,Finland,64.13735729999999,25.3669422
Haen,Norway,67.6622232,12.6305554
Hafsl.kr,Norway,61.31532009999999,7.200961
Hagen kabel,Germany,51.4065932,7.491189899999998
Haheim,Norway,60.016538,5.536027
Hakvik,Norway,68.4051496,17.3085048
Halandsfossen,Norway,61.32964930000001,5.4221802
Halden,Norway,59.13299639999999,11.387457
Hamborn,Germany,51.4984137,6.7768115
Hamm uentrop,Germany,51.68807959999999,7.9464763
Hammeren,Norway,66.3097137,14.2063479
Hanasaari,Finland,60.16509490000001,24.8480989
Hanefoss,Norway,60.16822250000001,10.2564171
Hardeland,Norway,60.23773869999999,10.396949
Harpefossen,Norway,61.9579615,5.9323598
Harrsele,Sweden,63.99945449999999,19.5701993
Harsprånget,Sweden,66.8850227,19.8193977
Hasle,Norway,59.92502869999999,10.7844414
Haugen,Norway,59.585975,10.7434127
Haugfoss,Norway,60.72637810000001,10.6171806
Haukeli,Norway,59.7349011,7.5521979
Haukland,Norway,68.2000967,13.5389866
Havik,Norway,59.324351,5.297955
Havre,France,49.49437,0.107929
He formin,Slovenia,46.4027575,16.0337059
He zlatoličje,Slovenia,46.4541867,15.7939268
Heggmoen,Norway,67.35,14.8666669
Heilbronn,Germany,49.1426929,9.210879
Heizkraftwerk linden gkl,Germany,52.37242999999999,9.71514
Hemsil,Norway,60.7413404,8.842608799999999
Hemweg,Netherlands,52.4045585,4.8518265
Hensfoss,Norway,60.16822250000001,10.2564171
Herdecke,Germany,51.4031667,7.4328376
Hermillon,France,45.298113,6.362291
Herne,Germany,51.5368948,7.200914699999999
Heron,Greece,37.9953099,23.767961
Herrenhausen kwh,Germany,52.4089418,9.669391599999999
Herva,Norway,60.60241250000001,10.999778
Heyden,Germany,51.1576721,6.4490153
Hinnoy,Norway,68.52756529999999,15.8663609
Hitra,Norway,63.5260126,8.757208799999999
Hjartdola,Norway,59.6955655,8.6409141
Hjelmeland,Norway,59.2205669,6.4445779
Hjorteland,Norway,58.0439868,7.4726747
Hodnaberg,Norway,58.99967460000001,5.6187068
Hofsfoss,Norway,60.1857626,10.2385771
Hogefoss,Norway,60.16822250000001,10.2564171
Hogga,Norway,59.30290050000001,9.0429135
Hojum,Sweden,58.27420000000001,12.2722
Hol,Norway,60.57177249999999,8.0578027
Holen,Norway,59.5437617,10.7453115
Holla,Norway,63.313609,9.142308
Holmen,Norway,59.85623080000001,10.4924242
Hommelfoss,Norway,60.16822250000001,10.2564171
Hone,Italy,45.61212250000001,7.736857100000001
Honefo.,Norway,60.16822250000001,10.2564171
Hongrin léman fmhl,Switzerland,46.4257199,7.049236899999999
Honnefoss,Norway,60.16822250000001,10.2564171
Hopen,Norway,63.4634417,8.0138783
Hopselva,Norway,61.71484899999999,5.823575099999999
Horga,Norway,60.03567109999999,9.5736235
Horns rev,Denmark,55.55383759999999,8.0986435
Hovatn,Norway,58.9761123,7.786446400000001
Huckingen hkm,Germany,51.3652323,6.7543986
Hunderfossen,Norway,61.225736,10.4361101
Hunsf ost,Norway,60.16822250000001,10.2564171
Hunsfos,Norway,58.2639108,7.9689804
Huntorf,Germany,53.1941358,8.3871951
Huntstown production,Ireland,53.40289569999999,-6.4246862
Husnes,Norway,59.8588621,5.7474728
Huutokoski kt,Finland,62.2123277,27.6892106
Hylen,Norway,58.53761029999999,7.414505799999999
Hynna,Norway,61.26395969999999,10.7561698
Häusling,Austria,48.25683,15.44507
Höljes,Sweden,60.9017721,12.5940162
Hölleforsen,Sweden,62.9503484,16.6655274
Iardino,Italy,41.0295693,14.6910339
Idroelettrica megolo ceppomorelli,Italy,45.9922601,8.306751799999999
Iernut,Romania,46.4507604,24.2290151
Ige sandonaci,Italy,40.4565537,17.8998566
Iges,Italy,42.1383825,12.59359
Ildgruben,Norway,66.3066901,14.3557791
Ilva taranto cet,Italy,40.46436060000001,17.2470303
Imatra,Finland,61.1695977,28.7645463
Impianto ascoli satriano,Italy,41.2033413,15.5627449
Impianto bolgiano,Italy,45.4210177,9.2836611
Impianto casoni,Italy,44.7229629,11.0503555
Impianto cutro località rosito,Italy,39.0324497,16.9881089
Impianto fotovoltaico floro girifalco,Italy,38.8240653,16.4209345
Impianto fv sant'alberto forello,Italy,44.5173435,12.1565419
Impianto idroelettrico del passirio,Italy,46.75147279999999,11.1902602
Impianto marineo,Italy,37.9538844,13.4189957
Impianto pietramontecorvino,Italy,41.5432306,15.1316634
Impianto portoscuso,Italy,39.2066208,8.3791741
Impianto preselezione termovalorizzazione silla,Italy,43.760629,10.6627737
Impianto sambuco,Italy,44.3364798,7.0790251
Impianto scampitella,Italy,41.0837687,15.3189726
Impianto termovalorizzazione rifiuti trezzo sull'adda,Italy,45.6130516,9.501934
Indaver production,Ireland,53.6771999,-6.392940100000001
Ingolstadt,Germany,48.7665351,11.4257541
Inkoo,Finland,60.04587539999999,24.0045755
Innset,Norway,62.719549,10.0280798
Innvik,Norway,61.8517407,6.6169455
International paper kwidzyn,Poland,53.70719399999999,18.9259764
Irsching,Germany,48.7661309,11.5809695
Iru elektrijaam,Estonia,59.4515944,24.924937
Isab energy,Italy,37.1265951,15.2175021
Isalnita,Romania,44.3928398,23.7420435
Isar,Germany,48.6828485,12.6920579
Isca ricotta melfi,Italy,40.5361403,15.5862767
Ise piombino cet,Italy,42.9256335,10.5258891
Isohaara,Finland,65.7754504,24.5001546
Isola palanzano,Italy,44.432466,10.1710261
Isola serafini,Italy,45.0929,9.9048
Isollaz,Italy,45.68871619999999,7.711202399999999
Istad,Norway,62.74637,7.2199947
Ivailovgrad,Bulgaria,41.52669789999999,26.1242717
Iveland,Norway,58.42103109999999,7.972021799999999
Ivpc alberona,Italy,40.91656,14.7975097
Ivpc bisaccia,Italy,40.91656,14.7975097
Ivpc foiano,Italy,43.2647764,11.8093583
Ivpc lacedonia,Italy,40.91656,14.7975097
Ivpc montefalcone,Italy,40.91656,14.7975097
Ivpc roseto,Italy,42.6751898,14.0160161
Jardola,Norway,61.7171059,6.2347907
Jasmine,Italy,41.895315,12.4489859
Jatta,Norway,58.9115983,5.7114062
Jaworzno,Poland,50.204987,19.2739314
Jesi,Italy,43.5270861,13.2463797
Jevnaker,Norway,60.2407427,10.3835425
Jorpeland scana,Norway,59.0220847,6.0414875
Jossingfjord,Norway,58.3145577,6.3346673
Jostedal,Norway,61.710556,6.924167
Jucar,Spain,39.1325113,-0.4460902
Juvfossen,Norway,61.68954369999999,8.2838164
Jã¤nschwalde,Germany,51.859392,14.4943322
Jädraås vindkraftpark,Sweden,60.8438554,16.4661037
Järpströmmen,Sweden,63.371528,13.4166239
Kaggefoss,Norway,59.97072540000001,9.9319937
Kaldaga,Norway,66.0657338,13.3110247
Kalvedalen,Norway,60.7676927,5.488839
Kangsliaga,Norway,66.1422446,13.880033
Kanndalen,Norway,69.5232449,20.5388342
Kaprun hauptstufe,Austria,47.2728876,12.759674
Kaprun oberstufe,Austria,47.2728876,12.759674
Kaprun schwarzach,Austria,47.2728876,12.759674
Kardia,Greece,40.4685079,22.9945421
Kardzhali,Bulgaria,41.6338439,25.3777119
Karlshamn,Sweden,56.170303,14.863073
Karolin,Poland,54.0488383,23.2837806
Karsto,Norway,59.27927,5.52447
Kassdalen,Norway,62.7933251,11.1883103
Kastraki,Greece,39.7164807,21.6183119
Katowice,Poland,50.26489189999999,19.0237815
Kaukaan voima,Finland,61.0655602,28.2307142
Kaukopää,Finland,61.2393106,28.8640268
Kaunertal tiwag,Austria,47.03335200000001,10.7479919
Kaupanger,Norway,61.1846111,7.2424074
Kaven,Norway,59.0321872,11.0899454
Kegums,Latvia,56.7402899,24.7181651
Keljonlahti,Finland,62.19235339999999,25.7369943
Kellosaari,Finland,61.74473149999999,26.0778644
Kembs,France,47.688362,7.503799000000001
Khr hinterrhein,Switzerland,46.6550945,9.2720963
Kiel,Germany,54.3232927,10.1227651
Kiisa arej,Estonia,59.2442187,24.7038979
Kilbotn,Norway,68.7177773,16.5333706
Kildalen,Norway,66.7669433,13.6714829
Kilforsen,Sweden,63.5441488,16.7696281
Kimberly clark srl,Italy,45.6151356,8.4021396
Kirkenes,Norway,69.7269192,30.0450432
Kistefoss,Norway,59.9106355,10.7286701
Kjela,Norway,59.7363996,7.597766199999999
Kjollefjord,Norway,70.94576959999999,27.3467913
Kjopsvik,Norway,68.0969598,16.3741587
Kjosnesfjorden,Norway,61.5333333,6.55
Kkb kernkw beznau,Switzerland,47.552,8.23
Kkl kernkw leibstadt,Switzerland,47.59930199999999,8.181965
Kkw mühleberg kkm,Switzerland,46.96929979999999,7.2697497
Kkw philippsburg,Germany,49.25162479999999,8.439872
Kleiva,Norway,67.2910607,14.4325684
Klemetsrud,Norway,59.8388683,10.8385009
Kll linth limmern,Switzerland,46.8784824,8.9820654
Klosterfoss,Norway,59.19961410000001,9.610569
Klovtveit,Norway,60.355277,5.087886
Knapsack,Germany,50.857447,6.855243
Knardalstrand,Norway,59.13009859999999,9.6169549
Kobbelv,Norway,67.57994,15.8907199
Koepchenwerk,Germany,51.410796,7.4535523
Komotini,Greece,41.1224394,25.4065582
Kongsfjord,Norway,70.72049520000002,29.3191137
Kongsvinger,Norway,60.192443,11.9986691
Konin,Poland,52.2230334,18.251073
Korinthos,Greece,37.9386365,22.9322383
Kozienice,Poland,51.5855328,21.5511768
Kraftwerk buschhaus,Germany,52.17086159999999,10.9764261
Kraftwerk dürnrohr,Austria,48.3263887,15.9244932
Kraftwerk ensdorf,Germany,49.2950893,6.7741905
Kraftwerk farge,Germany,53.1983281,8.5195933
Kraftwerk feldsee,Austria,47.0028178,13.0585975
Kraftwerk korneuburg,Austria,48.3320296,16.3395997
Kraftwerk lausward,Germany,51.2216873,6.7316442
Kraftwerk rostock,Germany,54.1408773,12.1304345
Kraftwerk rã¶merbrã¼cke,Austria,48.1536044,14.0107668
Kraftwerk theiß,Austria,48.3948682,15.7101367
Kraftwerk timelkam,Austria,48.0019658,13.6060786
Kraftwerk voerde,Germany,51.6005212,6.6544111
Kraftwerk walheim,Germany,49.0176801,9.157119
Kraftwerk wilhelmshaven,Germany,53.5586733,8.136431199999999
Kraftwerk zolling,Germany,48.45595,11.8030201
Kraftwerke mauvoisin,Switzerland,45.9792839,7.3536334
Kraków łęg,Poland,50.0604226,20.0250334
Kremasta,Greece,38.9413932,21.4931713
Krogstadelva nkr,Norway,59.75913829999999,10.0101873
Krokevatn,Norway,69.683776,19.076739
Krokströmmen,Sweden,62.046667,14.8778633
Krossen,Norway,58.09598899999999,7.528180000000001
Kruoniohae,Lithuania,54.7974443,24.2503549
Krångede,Sweden,63.14486919999999,16.1182394
Ksl sarganserland,Switzerland,46.9483465,9.481908299999999
Kurasfossen,Norway,62.6789018,11.4618021
Kuusaanniemi,Finland,60.9176468,26.6472516
Kvanangen,Norway,69.884064,21.67094
Kvandal,Norway,60.4712945,6.609566500000001
Kvanndal,Norway,60.4712945,6.609566500000001
Kvannvatn,Norway,59.87603660000001,8.733657299999999
Kvilldal,Norway,59.5150956,6.6375272
Kvitfossen,Norway,62.21024269999999,8.9330417
Kvitnes,Norway,68.5720975,15.2260966
Kvr vorderrhein,Switzerland,46.7312521,9.044416199999999
Kwm mattmark,Switzerland,46.0359813,7.9605751
Kwz zervreila,Switzerland,46.57902439999999,9.119318999999999
Kymijärvi,Finland,60.9657477,25.8071735
Kyndbyvaerket,Denmark,55.810289,11.879901
Lacedonia,Italy,41.0499933,15.4210652
Lacedonia cerrello,Italy,41.0499933,15.4210652
Lada,Spain,43.2995441,-5.710501
Ladonas,Greece,37.6939467,21.8926294
Lage weide,Netherlands,52.1137211,5.0618707
Lago arancio,Italy,37.6365133,13.0630616
Lagoni rossi,Italy,43.1641111,10.7769918
Lakselv,Norway,70.0513264,24.971782
Lamarmora,Italy,39.9833333,9.3333333
Lana,Italy,46.6115909,11.1629537
Lanesboro production,Ireland,53.6714035,-7.9873346
Lang sima,Norway,60.49938350000001,7.1634425
Langerlo,Belgium,50.94653,5.497949999999999
Langfjord,Norway,70.1054181,20.5458595
Langvann,Norway,60.10646089999999,10.7581229
Langvatn,Norway,66.3741478,14.2329786
Lanuvio,Italy,41.675393,12.6980262
Lanzada,Italy,46.2695803,9.872098699999999
Lappago,Italy,46.9178778,11.8039459
Lares,Portugal,40.1267839,-8.7782562
Larino tg,Italy,41.82774209999999,14.9155243
Lasa,Italy,46.6198875,10.6947782
Lasele,Sweden,63.76666700000001,16.8166669
Lassajavrre,Norway,69.6605585,22.2186077
Laterza wind farm,Italy,40.6249441,16.798088
Laudal,Norway,58.24451089999999,7.506947599999999
Laufenburg,Germany,47.5732675,8.082053
Lavkajohka,Norway,69.2335702,20.5267534
Lavrio,Greece,37.714177,24.0576632
Laxede,Sweden,66.218548,20.8570281
Lazzaro,Italy,37.97239680000001,15.6656899
Le piane,Italy,40.0803492,15.57846
Le prata,Italy,43.0691193,12.8194916
Lecce,Italy,40.3515155,18.1750161
Leini,Italy,45.1797783,7.716918
Leirdola,Norway,61.47296060000001,7.2201295
Lemie,Italy,45.2284854,7.293337299999999
Leopoldau,Austria,48.2773776,16.4514275
Levane,Italy,43.4973822,11.6200436
Levante,Italy,44.2763654,9.4008281
Liarelva,Norway,59.8045659,5.987292
Lichterfelde,Germany,52.4293696,13.3077016
Licodia eubea,Italy,37.155144,14.7002376
Lielahti,Finland,61.51746129999999,23.6656973
Lietuvos elektrine,Lithuania,54.7713109,24.6480633
Liffey production,Ireland,53.3535648,-6.3543486
Ligga,Sweden,66.7799974,19.9430221
Ligonchio ozola,Italy,44.3158115,10.3423927
Limberg,Austria,46.74689,15.21524
Linate,Italy,45.452176,9.276308
Lindland,Norway,58.07324699999999,7.519727
Lippendorf,Germany,51.189581,12.3625637
Liptovská mara,Slovakia,49.104389,19.5191838
Litjfossen,Norway,59.9478293,6.584262
Litledalen,Norway,62.6666667,7.533333299999999
Litoral,Spain,41.3760658,2.1900696
Littigheddu,Italy,40.8729328,8.7902896
Logna,Norway,58.767273,7.545224599999999
Lokaunet,Norway,63.26819279999999,10.4582701
Lomen,Norway,61.112019,8.931596
Loreo,Italy,45.0624917,12.1864137
Lotru,Romania,45.3367827,24.2728151
Lovero,Italy,46.2318338,10.2274376
Loviisa,Finland,60.45787420000001,26.2278098
Lucito,Italy,41.7319368,14.6879876
Lucy,France,48.941676,6.470103
Ludrigno der. serio,Italy,45.9243854,9.9252659
Ludwigshafen mitte,Germany,49.4790628,8.4525443
Ludwigshafen sã¼d,Germany,49.47741,8.445179999999999
Luenen,Germany,51.6104829,7.5285074
Luostejok,Norway,70.0526707,24.9625755
Lutufallet,Norway,61.06578099999999,12.5813219
Lyngen,Norway,69.5755758,20.2114132
Lysbotn,Norway,59.05540659999999,6.648529799999999
Lysebotn,Norway,59.05540659999999,6.648529799999999
Lysvatn,Norway,69.37593559999999,19.3738778
Lőrinci gázturbinás erőmű,Hungary,47.7390261,19.6756557
M.di tures,Italy,46.9112742,11.9485208
Maasstroom energie cv,Netherlands,51.92418809999999,4.474994199999999
Maasvlakte,Netherlands,51.96327890000001,4.031126
Maddaloni t.gas,Italy,41.0200404,14.3731158
Maen,Italy,45.8690591,7.6172968
Mageli,Norway,61.367433,10.284534
Maggia ofima,Switzerland,46.1675802,8.783211999999999
Magisano,Italy,39.0126318,16.6278254
Maida cortale,Italy,38.8385405,16.4119665
Mainz wiesbaden,Germany,49.9928617,8.2472526
Mala,Spain,36.7212737,-4.4213988
Malalbergo,Italy,44.7179078,11.5297213
Malga ciapela,Italy,46.4270374,11.9115913
Malga mare,Italy,46.417979,10.6805509
Malgovert,France,45.6222043,6.801462099999999
Malpensa,Italy,45.6300625,8.7255307
Malta hauptstufe,Austria,46.8701073,13.3290447
Malta oberstufe,Austria,47.0659039,13.3527648
Mandela,Italy,42.0301029,12.9231015
Marcellinara,Italy,38.9283997,16.4950131
Marcinelle energie carsid,Belgium,50.407533,4.424872
Marckolsheim,France,48.163894,7.543984999999998
Marco,Italy,40.2674034,14.9389754
Marco in lamis,Italy,41.7124428,15.6380651
Mareges,France,45.39238,2.358155
Maren,Norway,61.149302,6.074321299999999
Mariselu,Romania,47.0113867,24.5087898
Marka,Norway,68.6003958,15.0375251
Marlengo,Italy,46.6572415,11.1264518
Maroyfjord,Norway,70.756998,27.342361
Marsica,Italy,42.0532382,13.3471775
Martigues ponteau,France,43.368516,5.017733
Martinlaakso,Finland,60.2784559,24.8513718
Martino in pensilis,Italy,41.870085,15.0109437
Masino,Italy,46.2430485,9.655185
Masocorona,Italy,46.2339047,11.1277461
Matese,Italy,41.45,14.3666667
Matisse,Italy,40.0996758,18.4450538
Matre,Norway,60.87582,5.584232
Maudal,Norway,58.7616261,6.347075999999999
Mauranger,Norway,60.12791360000001,6.362484599999999
Mauro,Italy,45.1020871,7.765355399999999
Mayrhofen,Austria,47.1691898,11.8651456
Mazara del vallo,Italy,37.6550933,12.5899615
Mazzunno,Italy,45.8942178,10.1487187
Meduno,Italy,46.2170505,12.788202
Megalopoli,Greece,37.401244,22.1364871
Mehrum kwm,Germany,52.3046339,10.0942011
Meirama,Spain,43.208479,-8.4376087
Melbu,Norway,68.5012102,14.8007091
Melissa,Italy,39.3175364,17.0421324
Meliti,Greece,40.83,21.581667
Melk,Austria,48.22647,15.34996
Melkefoss,Norway,59.28382300000001,9.264594899999999
Melkoya,Norway,70.6893659,23.600448
Meraker,Norway,63.4161689,11.7372151
Mercure,Italy,41.8900562,12.4981213
Meri pori,Finland,61.55943680000001,21.6121559
Merkenich,Germany,51.0307211,6.9471552
Merwedekanaal,Netherlands,51.9672275,5.047703299999999
Mese,Italy,46.3071989,9.379607199999999
Mesna,Norway,61.0860161,10.7397507
Mi,Bulgaria,42.669944,23.270947
Midskog,Sweden,63.23676560000001,15.2443093
Milazzo,Italy,38.2207102,15.2419327
Mimiani,Italy,37.571818,13.931872
Mineo,Italy,37.2658657,14.6906828
Mineo militello,Italy,37.2734821,14.7936823
Minervino murge,Italy,41.0856165,16.0773816
Minervino murge contrada iambrenghi,Italy,41.0856165,16.0773816
Minervino murge contrada passeggeri,Italy,41.0856165,16.0773816
Minervino murge contrada rinaldi,Italy,41.0856165,16.0773816
Mintia,Romania,45.9179026,22.8474798
Mirafiori nord,Italy,45.042482,7.626857999999999
Miranda,Portugal,41.4995412,-6.2712311
Mistretta,Italy,37.9151675,14.3559158
Mitte,Austria,47.8294128,13.0053803
Moabit,Germany,52.53083239999999,13.3458757
Mochovce,Slovakia,48.26065,18.44215
Modalen,Norway,60.8944424,5.9058139
Moerdijk,Netherlands,51.6601559,4.5130718
Mofjellet,Norway,66.2928706,14.1798404
Moline,Italy,46.0841907,10.9241991
Monastero,Italy,40.620582,14.5773581
Moncalieri,Italy,44.9983525,7.680287799999999
Mondi świecie,Poland,53.3939496,18.3815604
Moneypoint production,Ireland,52.61136279999999,-9.4355342
Monfalcone,Italy,45.8050468,13.5331727
Montagna faeto,Italy,41.3233966,15.1626884
Montaguto,Italy,41.2496359,15.2481372
Montalto,Italy,43.4994498,11.6634274
Montalto c.le,Italy,45.4894639,7.862252
Montarone,Italy,45.8833333,8.45
Monte carmine,Italy,40.761111,15.746389
Monte carpinaccio,Italy,43.36448420000001,10.608395
Monte cavuti,Italy,41.7521771,12.7103855
Monte della difesa,Italy,41.79701499999999,13.784408
Monte malvizzo,Italy,37.282931,13.709796
Monte narbone,Italy,43.5556393,12.5190617
Monte zimmara,Italy,37.75,14.2666667
Montecalvello,Italy,42.5484176,12.2096566
Montefalcone,Italy,41.3240758,15.0088677
Monteferrante,Italy,41.9522905,14.3886119
Monteleone,Italy,41.1652682,15.25677
Montelimar,France,44.556944,4.749496
Montelungo,Italy,44.4480027,9.908643099999999
Montemartini,Italy,41.9036835,12.5003762
Montemurro,Italy,40.29716579999999,15.9916241
Montereau,France,48.38473399999999,2.956193
Monteverdi,Italy,43.1902864,10.7323332
Monteynard,France,44.9793282,5.701300799999999
Montezic,France,44.709426,2.640329
Monticelli,Italy,45.2759694,11.7592125
Montjovet,Italy,45.7064732,7.6748784
Montorio,Italy,42.7409534,11.7672144
Montpezat,France,43.854065,4.159873
Moralet,Spain,38.4454911,-0.5718489999999999
Morasco,Italy,45.7364542,8.2944277
Morino,Italy,41.8473872,13.4396172
Mosjoen,Norway,65.836924,13.1934011
Mosvik,Norway,63.81768799999999,11.0058121
Mucone,Italy,39.3821133,16.5201084
Muela,Spain,41.5758184,-1.1161166
Muoidejohka,Norway,66.7955285,14.6695566
Murge,Italy,40.976111,16.406111
Muschioso,Italy,44.2788483,10.5227563
Mydalen,Norway,59.9490814,10.7669678
Myra,Norway,58.74922770000001,8.8623911
Naantali,Finland,60.46608759999999,22.0250874
Naddvik,Norway,61.19200649999999,7.617449499999999
Naistenlahti,Finland,61.5093401,23.7722458
Namsos,Norway,64.5040511,11.510163
Napoli,Italy,40.8517983,14.26812
Narcea,Spain,43.3972699,-6.2058271
Narvik,Norway,68.4384984,17.4272613
Naturno,Italy,46.6343132,11.0111737
Nazzano,Italy,42.2298563,12.5960617
Nea,Norway,63.1617916,11.1900113
Nebrodi est,Italy,37.9290063,14.6779267
Nebrodi nord,Italy,37.9290063,14.6779267
Nebrodi ovest,Italy,37.9290063,14.6779267
Neckarwestheim,Germany,49.0460889,9.190855899999999
Nedalsfoss,Norway,59.59388850000001,10.0417957
Nedre rossaga,Norway,66.0777529,13.9437542
Nedre vinstra,Norway,61.5923574,9.7566663
Nedrefoss,Norway,59.9221934,10.7538298
Nek,Slovenia,45.9380375,15.5157897
Nembia,Italy,46.100806,10.937162
Nera montoro,Italy,42.4983757,12.4738871
Neurath,Germany,51.039351,6.5953627
Nicola,Italy,44.0779286,10.0398121
Niederrad,Germany,50.0858263,8.6432878
Niehl,Germany,49.9542353,6.3625332
Niingen,Norway,68.55854219999999,17.0140271
Nogent,France,48.83763099999999,2.481699
Nomeland,Norway,58.34586,7.898793999999999
Norddalen,Norway,62.2997684,7.254570999999999
Nordjyllandsvaerket,Denmark,57.072589,10.042528
Nordreisa,Norway,69.5572308,21.3899913
Nordsvorka,Norway,63.04507650000001,8.8672097
Nordvik,Norway,60.2359357,5.3627978
Nore,Norway,60.168845,9.0112458
Norheimsund,Norway,60.370887,6.1456351
North wall production,Ireland,53.3487211,-6.237699999999999
Nove,Italy,45.72552520000001,11.6797803
Nováky,Slovakia,48.7190624,18.5420563
Nowa,Poland,51.19176179999999,15.5254075
Npp cernavoda,Romania,44.3175539,28.0577087
Npp kozloduy,Bulgaria,43.7438119,23.7723634
Nulvi tergu,Italy,40.8648263,8.712324599999999
Nuova castelnuovo,Italy,40.8384891,14.2527194
Nuova lago,Italy,45.6049385,10.6351414
Nuova larderello,Italy,43.2383151,10.8867808
Nuova martino,Italy,45.5583448,10.0486935
Nuova molinetto,Italy,45.5188925,10.3547624
Nuova monterotondo,Italy,42.0574185,12.6252217
Nuova radicondoli,Italy,43.2611791,11.043548
Nuova sasso,Italy,45.0778848,7.716198599999999
Nuova serrazzano,Italy,43.219023,10.8118457
Nuovo pignone ms,Italy,44.0235818,10.1144187
Nurri,Italy,39.7091551,9.2305519
Nygard,Norway,60.3871935,5.3272756
Nã¼rnberg sandreuth,Germany,49.4311763,11.0599027
Nämforsen,Sweden,63.45,16.9500001
Oberhasli kwo,Switzerland,46.6422244,8.2777083
Offshore windpark,Austria,48.20462240000001,15.625508
Ofoten,Norway,68.522442,17.005734
Ogndal,Norway,64.01501929999999,11.4952627
Oksebotn,Norway,60.558418,7.597796
Oksla,Norway,60.846343,5.495659
Oldereid,Norway,64.9634664,12.1753345
Olivola mw,Italy,45.0349976,8.3683567
Oljusjoen,Norway,60.9481821,8.1130712
Olkiluoto,Finland,61.23592949999999,21.4347339
Olkiluoto kt,Finland,61.2363745,21.4753106
Oltedal,Norway,58.8285995,6.0368664
Oltesvik,Norway,60.37687919999999,5.2198122
Opole,Poland,50.6751067,17.9212976
Oradea,Romania,47.04650050000001,21.9189438
Oraison,France,43.914706,5.921487
Ordona,Italy,41.3144165,15.6266448
Ordona valle scodella,Italy,41.3144165,15.6266448
Orkdal,Norway,63.30241299999999,9.8477711
Ormsetfoss,Norway,60.0425025,9.6345224
Orsa maggiore,Italy,40.55317549999999,14.2086076
Orsara,Italy,41.2781889,15.2667356
Ortanova loc. santo spirito,Italy,41.3279916,15.709254
Orte,Italy,42.4574411,12.3869837
Ortern,Norway,69.3281409,18.6939618
Osa,Norway,60.5885255,7.0334686
Osbu,Norway,62.5166667,8.5
Osen,Norway,64.42113979999999,10.0377767
Oskarshamn,Sweden,57.26569929999999,16.4473984
Ossauskoski,Finland,66.1550244,25.1296935
Osteroy,Norway,60.53728369999999,5.5330403
Ostiglia,Italy,45.0714086,11.1338669
Ostrołęka,Poland,53.0876544,21.5592554
Osvatn,Norway,59.8624191,8.1278883
Ottensheim wilhering,Austria,48.3237098,14.1883431
Ottmarsheim,France,47.78719,7.506512
Ovre rossaga,Norway,66.0777529,13.9437542
Ovre vinstra,Norway,61.5923574,9.7566663
Owp butendiek,Germany,53.08056999999999,8.84391
Ozieri,Italy,40.5862496,9.000060099999999
Paisco,Italy,46.067035,10.2327561
Palazzo gervasio,Italy,40.9320372,15.9877834
Palermo,Italy,38.1156879,13.3612671
Pallanzeno,Italy,46.0396515,8.260328399999999
Palos,Spain,37.2288942,-6.8954258
Paluel,France,49.832363,0.629065
Panni,Italy,41.2024279,15.2779983
Pantano d'avio,Italy,46.165,10.47194
Paraviso,Italy,45.8686295,13.1455843
Parona,Italy,45.2795804,8.749632199999999
Paroseni,Romania,45.3648052,23.2634416
Partinico,Italy,38.0466977,13.1183541
Passy,France,45.923392,6.684919
Paterno' c.le,Italy,37.5671795,14.9017568
Pe le cannella,Italy,38.94357309999999,17.1462366
Pedesina,Italy,46.0820044,9.5502985
Pego,Portugal,39.4618067,-8.149649799999999
Pego c.c.,Portugal,39.4618067,-8.149649799999999
Pelos,Italy,46.48954089999999,12.459936
Penly,France,49.980265,1.232629
Penna,Italy,43.5669702,11.6097337
Pergen,Netherlands,52.6749368,4.706394599999999
Perreres,Italy,45.9063731,7.6153222
Pescara,Italy,42.4617902,14.2160898
Pescina wind,Italy,42.0253997,13.6505082
Peshtera,Bulgaria,42.0298857,24.2987265
Petralia sottana,Italy,37.8085652,14.0899507
Piacenza,Italy,45.0526206,9.6929845
Pian della rocca,Italy,44.00404169999999,10.5457848
Pianacce,Italy,43.16478499999999,10.615772
Piancastagnaio,Italy,42.8500321,11.6866772
Piano del cornale,Italy,45.044946,8.913430199999999
Picote,Portugal,41.400112,-6.3704778
Pied borne,France,44.475285,3.984922999999999
Piedimulera,Italy,46.0211051,8.2573677
Pietarsaari,Finland,63.6744036,22.6966088
Pietracatella,Italy,41.5722108,14.8571368
Pietrafitta,Italy,39.2561067,16.3434358
Pietragalla,Italy,40.7585569,15.8525154
Pietraporzio,Italy,44.3432404,7.0358608
Pietro avellana,Italy,41.7904529,14.18279
Pieve vergonte,Italy,46.0085014,8.265223299999999
Pikerfoss,Norway,59.71637680000001,9.6097903
Piombino,Italy,42.9256335,10.5258891
Pitagora,Italy,43.7910816,11.2440992
Pizzone,Italy,41.6750756,14.0368454
Pkn orlen,Poland,52.24966,19.6236739
Plastiras,Greece,39.35,21.75
Platanovrysi,Greece,38.1359122,21.7609129
Plate taille,Belgium,50.1857528,4.3823302
Plavinas,Latvia,56.6182449,25.725792
Ploaghe nulvi,Italy,40.6649071,8.7446693
Pocinho,Portugal,41.1296104,-7.123567899999999
Poggi alti,Italy,42.75,11.3833333
Poggio imperiale,Italy,41.8247876,15.3672536
Poggio malconsiglio,Italy,42.7858005,10.1848911
Polimeri europa s.p.a. porto torres,Italy,40.8333682,8.402292899999999
Polyfyto,Greece,40.3176717,22.1186001
Pomigliano d'arco,Italy,40.9101303,14.3829123
Pomorzany,Poland,53.3989482,14.5339392
Pont,Italy,45.594928,7.798356999999999
Pont st. martin,Italy,45.594928,7.798356999999999
Pont sur sambre,France,50.222336,3.847567
Ponte annibale,Italy,41.2920824,14.5493304
Ponte felice,Italy,43.5881134,13.319206
Ponte gardena,Italy,46.5977848,11.5312649
Ponte gardena enel prod,Italy,46.5977848,11.5312649
Ponte giulio,Italy,42.760088,12.061788
Ponte malon,Italy,45.4415924,9.263643199999999
Ponte marm,Italy,45.52123,11.0426118
Ponte morasco,Italy,41.2149456,14.6948605
Pontecorvo,Italy,41.4545679,13.6637674
Porcari,Italy,43.841981,10.6176612
Porcheville,France,48.971683,1.776713
Porjus,Sweden,66.9592437,19.821773
Porsi,Sweden,66.4653427,20.6418377
Portile fier,Romania,44.67137719999999,22.5286426
Porto corsini,Italy,44.49404579999999,12.2788825
Porto empedocle c.le,Italy,37.2881801,13.5271724
Porto viro,Italy,45.0403366,12.2191758
Portoferraio,Italy,42.8108565,10.3211801
Portotorre,Italy,40.8333682,8.402292899999999
Porąbka żar,Poland,49.77958,19.2120064
Posticciola,Italy,42.2399171,12.9333002
Pouget,France,43.59246599999999,3.523704
Pournari,Greece,38.0719953,21.5248318
Połaniec,Poland,50.43302,21.28065
Połaniec pasywna,Poland,50.43302,21.28065
Pragneres,France,42.81933600000001,0.0113709
Prati vizze,Italy,46.8998845,11.4620573
Preci,Italy,42.8806639,13.0396385
Predazzo,Italy,46.312589,11.602437
Presenzano,Italy,41.375996,14.0779726
Priolo c.le,Italy,37.15785839999999,15.1837006
Priolo gargallo,Italy,37.15785839999999,15.1837006
Prizzi corleone,Italy,37.7221352,13.42825
Progresu,Romania,44.3582285,26.4603819
Protergia cc,Greece,38.0357388,23.8016241
Provence,France,44.0144936,6.2116438
Provvidenza,Italy,44.552192,11.1047505
Pshpp belmeken,Bulgaria,42.1610917,23.8019562
Psw erzhausen,Germany,51.8914388,9.9279531
Psw geesthacht,Germany,53.4190265,10.3935577
Psw goldisthal,Germany,50.5219,11.0049501
Psw hohenwarte,Germany,50.60628010000001,11.4793691
Psw markersbach,Germany,50.52469989999999,12.875422
Ptolemaida,Greece,40.5129968,21.6784663
Puertollan,Spain,38.6884458,-4.1078877
Pątnów,Poland,51.1465367,18.6073064
Quero,Italy,45.9223593,11.9304726
Quincinetto,Italy,45.561809,7.8078995
Quirico,Italy,43.0581804,11.6060636
Radalen,Norway,60.290353,5.315834
Ramfoss,Norway,60.72637810000001,10.6171806
Rana,Norway,66.4393389,14.3122322
Ranasfo,Norway,60.0314443,11.3368394
Rance,France,48.5690229,-1.9965277
Rancia,Italy,43.23085,13.3558499
Randens,France,45.543855,6.310284999999999
Ranes,Norway,69.9135488,19.2603466
Rasdalen,Norway,60.61967740000001,5.9665766
Ratino,Italy,41.5846237,14.5855106
Raul mare,Romania,45.5923264,22.9711139
Rea dalmine,Italy,45.6341481,9.6080645
Refsdal,Norway,61.420091,5.9521071
Regalbuto,Italy,37.6500078,14.6402566
Regoledo,Italy,46.1733813,9.730538899999999
Regua,Portugal,41.1656737,-7.7867018
Reinskar,Norway,69.9369169,19.628953
Rendal,Norway,61.8916367,11.3160313
Rendalen,Norway,61.8916367,11.3160313
Rende ecosesto,Italy,39.37343,16.2384
Reppa,Norway,66.6497116,13.5469309
Repvag,Norway,70.7469373,25.6719361
Resio,Italy,44.8254715,8.2755569
Rete,Italy,40.9389167,14.3675758
Reuter,Austria,47.8711647,13.3242578
Reuter west,Germany,52.5351386,13.2426717
Revin,France,49.941893,4.637199
Rheinfelden,Germany,47.5896468,7.768778999999999
Rheinfelden ch,Switzerland,47.55219,7.7922914
Rheinhafen dampfkraftwerk karlsruhe,Germany,49.0137697,8.3059811
Rheinkraftwerk iffezheim,Germany,48.8324821,8.111379699999999
Rhinau,France,48.318771,7.704565999999999
Ribatejo,Portugal,38.9022048,-9.0397427
Ricigliano,Italy,40.6675197,15.479528
Riga,Latvia,56.9496487,24.1051865
Riksheim,Norway,62.35751,6.571916
Ringhals,Sweden,57.260718,12.113006
Ringvaart steg,Belgium,51.01581359999999,3.7106662
Rio pusteria,Italy,46.79652110000001,11.6681001
Rio riva,Italy,45.8891984,10.8430696
Ripabottoni,Italy,41.6901577,14.8090717
Ripacandida,Italy,40.9120331,15.7212957
Ritsem,Sweden,67.72189209999999,17.4667359
Riva del garda nuovo,Italy,45.8847681,10.8408367
Rivedal,Norway,61.367408,5.2647081
Rizziconi,Italy,38.433813,15.981739
Robla,Spain,42.8012489,-5.627395099999999
Roca,Netherlands,52.0792799,5.144295
Rocca,Italy,42.3288744,13.6888616
Rocca ficuzza,Italy,37.85,13.4
Rocca rossa,Italy,38.0388371,13.4517187
Rocchetta,Italy,41.6288733,14.0710954
Rod,Norway,59.07289009999999,10.9430085
Rodberg,Norway,60.2672174,8.9472133
Rodenhuize,Belgium,51.14727999999999,3.79202
Rodne,Norway,58.972748,5.730048
Roldal,Norway,59.832353,6.8210853
Roncovalgrande,Italy,46.0675885,8.7318778
Roppa,Norway,61.214009,10.041891
Rossano te,Italy,39.57633089999999,16.6342882
Rotello,Italy,41.7463857,15.0061603
Rotondella,Italy,40.17033139999999,16.524359
Rottenvik,Norway,69.59124179999999,20.2772137
Rovesca,Italy,46.0567012,8.1237738
Rovinari,Romania,44.90000269999999,23.1543463
Roykas,Norway,59.925687,10.931698
Roßhag,Austria,47.4275364,9.8985117
Ruhrort,Germany,51.4499282,6.7483238
Ruieni,Romania,45.39008339999999,22.333759
Rya kvv,Sweden,57.6926349,11.890887
Rybnik,Poland,50.1021742,18.5462847
Rygene,Norway,58.411498,8.6374233
S. angelo,Italy,42.5176481,14.060208
S. domenica,Italy,38.6639633,15.8648916
S.anna,Italy,43.9747017,10.2731578
S.antonio,Italy,37.6062545,15.1259696
S.barbara,Italy,40.1785479,15.2577023
S.colombano,Italy,45.1827707,9.4889194
S.damiano,Italy,43.0614954,12.618054
S.e.f. srl,Italy,45.685598,10.402355
S.fiorano,Italy,45.1374509,9.7231814
S.floriano,Italy,45.9822617,13.5876476
S.foca,Italy,40.3020255,18.4036362
S.giacomo,Italy,42.8000634,13.5719932
S.leonardo,Italy,46.1185306,13.531517
S.m.garoña,Spain,42.7749914,-3.2070002
S.massenza molveno,Italy,46.0655042,10.9833173
S.pancrazio,Italy,46.5708856,11.0612836
S.pietro orzio,Italy,45.8854353,9.6631594
S.silvestro,Italy,45.128057,10.7472492
Sa turrina manna,Italy,40.4287832,15.2194808
Sacco,Italy,40.37935969999999,15.4009508
Sage,Norway,59.9409392,10.9202044
Sagefossen,Norway,59.9478293,6.584262
Sagfossen,Norway,60.9825763,7.0045549
Sagittario nuovo,Italy,41.99140999999999,13.805773
Sagnfossen,Norway,61.1624396,12.4465564
Saheim,Norway,59.87643479999999,8.591738
Saica,Spain,41.6705992,-0.8699633999999999
Saint chamas,France,43.550669,5.034508
Saint esteve,France,42.711815,2.8437039
Saint ghislain steg,Belgium,50.4491086,3.8183757
Saint guillerme,France,43.734434,3.549015
Saint pierre cognet,France,44.88076299999999,5.777848
Sainte croix,France,43.7715417,6.1898262
Salamonde,Portugal,41.6805327,-8.0952225
Salemi,Italy,37.8075233,12.7824777
Salisano,Italy,42.2777695,12.7479899
Sallent,Spain,41.8271079,1.8922257
Salmisaari,Finland,60.16206159999999,24.8999884
Salsominore,Italy,44.8183121,9.9825123
Saltdalelva,Norway,69.5159772,19.2812944
Salto,Italy,42.3295739,13.0587399
Sama,Norway,68.80542849999999,16.5157386
Samnanger,Norway,60.40484609999999,5.723200599999999
Sampeyre,Italy,44.5794459,7.1856201
Sanfront,Italy,44.6489775,7.317971200000001
Sanroque,Spain,36.2104615,-5.384431699999999
Sant'alberto,Italy,44.5431383,12.1544286
Santa ninfa,Italy,37.7719947,12.8791253
Santomenna,Italy,40.8074781,15.320254
Santurce,Spain,43.328128,-3.0336586
Sarentino,Italy,46.6412136,11.3541082
Sarlux,Italy,39.0885548,9.0126618
Sarmato,Italy,45.0596612,9.4914405
Sarp,Norway,59.27634200000001,11.1312316
Sarrans,France,44.083415,4.971544
Sasso,Italy,42.4690901,13.5654488
Satriano,Italy,38.6678244,16.4806572
Sauda,Norway,59.6507178,6.3541435
Saudebotn,Norway,59.05540659999999,6.648529799999999
Saurdal,Norway,60.9244158,9.4148611
Saussaz,France,45.196043,6.332948
Savalen,Norway,62.2424513,10.4638214
Savignano,Italy,44.0936826,12.4007392
Saviner,Italy,46.43848850000001,11.9847739
Scalelle,Italy,45.18423019999999,7.650923400000001
Scandale,Italy,39.123897,16.9588336
Scheldelaan exxonmobil,Belgium,51.2564764,4.345994
Schkopau,Germany,51.3900745,11.9851505
Schluchsee,Germany,47.8182613,8.1519136
Schluchseewerk,Germany,47.5573968,8.0454952
Scholven,Germany,51.6109446,7.019461
Schwarze pumpe,Germany,51.5310472,14.3252614
Sclafani bagni,Italy,37.7991465,13.8564085
Seinäjoki,Finland,62.787735,22.8504338
Seitevare,Sweden,66.97529000000002,18.5870399
Selbu,Norway,63.21924539999999,11.04129
Seled glorenza,Italy,46.6706289,10.5529478
Sella conza,Italy,40.8333333,15.3
Selva,Italy,46.5565395,11.7839583
Sermide,Italy,45.0039927,11.2991526
Serra chiapponi,Italy,40.1739796,15.682954
Serra del vento nord,Italy,43.5444638,13.0369277
Serracapriola,Italy,41.8085917,15.1599009
Serre poncon,France,44.5272855,6.381120699999999
Serro lungo,Italy,44.138673,9.820905999999999
Sesta,Italy,44.2918374,9.6735746
Sesto giovanni,Italy,45.5328245,9.2256875
Sestrimo,Bulgaria,42.21573799999999,23.9209416
Seterkraft,Norway,59.9152119,10.6341605
Sfikia,Greece,40.3856573,22.2113777
Sicet,Italy,41.8900819,12.4996685
Siersza,Poland,50.20107609999999,19.4198122
Sil,Spain,42.697041,-6.915119799999999
Sildvik,Norway,65.9417,13.4148579
Silz,Austria,47.2659815,10.9311046
Simeri crichi,Italy,38.8876155,16.6645007
Simmering,Austria,48.1690647,16.4217332
Sines,Portugal,37.9571555,-8.860890699999999
Siso,Norway,67.36256940000001,15.5907805
Sisteron,France,44.194713,5.943191
Sjona,Norway,66.300771,13.0246129
Sjonsta,Norway,67.1712458,15.7341312
Skaerbaekvaerket,Denmark,55.5111111,9.613333299999999
Skarsfjord,Norway,69.9672935,18.8478024
Skawina,Poland,49.9751815,19.8288749
Skibotn,Norway,69.39084489999999,20.2673273
Skjak,Norway,61.9467976,7.828136999999999
Skjefst,Norway,67.2327323,15.0213961
Skjeggedal,Norway,58.750241,8.136944999999999
Skjerdal,Norway,60.9497515,7.191070799999999
Skjerka,Norway,58.6747828,7.301850399999999
Skjomen,Norway,68.3039,17.2911999
Skoddeberg,Norway,59.617228,11.080573
Skollenborg,Norway,59.62258929999999,9.701433699999999
Skotfoss,Norway,59.2154016,9.525118299999999
Slind,Norway,61.16464,6.935662
Sloecentrale unit,Netherlands,51.4478825,3.6926509
Smavatna,Norway,66.2333333,14.3333332
Smestad,Norway,59.9374534,10.68556
Smola,Norway,63.46262609999999,8.014187
Soberg,Norway,68.668296,14.418903
Sokna reg. midt,Norway,60.238871,9.928076299999999
Solberg,Norway,59.628425,10.667302
Solina,Poland,49.3993322,22.4677303
Somplago,Italy,46.3491942,13.0671184
Sondrio,Italy,46.1698583,9.8787674
Songa,Norway,60.20133740000001,10.1260499
Sora,Italy,41.7188539,13.6130491
Sorbrandal,Norway,62.1674626,5.5608661
Sorfjord,Norway,60.2512464,6.593935399999999
Sorgenia puglia modugno,Italy,41.1030647,16.7577691
Sortland,Norway,68.69543920000001,15.4128088
Sospirolo,Italy,46.1429856,12.0738993
Sostene,Italy,38.639332,16.4850678
Soto,Spain,43.0357012,-4.2262871
Soverzene,Italy,46.2063212,12.3028552
Spanne,Norway,59.3854698,5.3239328
Sparanise,Italy,41.1933964,14.099336
Spartivento,Italy,38.88445600000001,8.839032099999999
Spem,France,45.130862,1.320075
Spezia centr,Italy,44.1024504,9.824082599999999
Spigno cen,Italy,41.3266062,13.6941672
Spina,Italy,44.6361466,12.2509527
St alban,France,48.557172,-2.532964
St etienne cantales,France,44.94902,2.225837
St laurent,France,43.673417,7.189811
Stabilimento villa s.lucia,Italy,41.497965,13.7810579
Stadsforsen,Sweden,65.8433768,20.3764722
Stalla,Italy,44.3939828,8.495222799999999
Stalon,Sweden,64.9404326,15.8713456
Stalowa wola,Poland,50.5826005,22.0535861
Standal,Norway,60.1082495,10.8812821
Stanga,Italy,46.211694,12.129325
Staudinger,Germany,47.803447,11.864524
Stazzona,Italy,46.1449228,9.2695455
Steinaga,Norway,66.97253289999999,14.4402435
Steinsland,Norway,60.93359270000001,5.9715375
Steinsvik,Norway,62.0046615,5.8543174
Stejaru,Romania,44.7717653,28.545397
Stenungsund,Sweden,58.0678388,11.8294345
Stigsnaesvaerket,Denmark,55.205301,11.25353
Stokkelandsana,Norway,58.36174299999999,7.0567356
Stokmarknes,Norway,68.56483829999999,14.9098716
Stord,Norway,59.77883379999999,5.5002279
Stordal,Norway,62.38181789999999,6.992054700000001
Storlivatn,Norway,59.6703199,6.5022432
Stornorrfors,Sweden,63.8525,20.051667
Storo,Italy,45.8482451,10.5790256
Strasbourg,France,48.5734053,7.752111299999999
Stratos,Greece,38.6673893,21.3168387
Strongoli,Italy,39.2670877,17.0503834
Studstrupvaerket,Denmark,56.2489534,10.3472225
Stuttgart mã¼nster,Germany,48.8236812,9.2091081
Sugag,Romania,45.7776871,23.6206131
Suio,Italy,41.29492820000001,13.8509732
Sulcis centr,Italy,39.0373917,8.418422399999999
Suldal,Norway,59.5715437,6.816438
Sun energy and partners,Italy,43.3742379,12.2583302
Sundal,Norway,60.1084549,6.2875345
Sundsbarm,Norway,59.5469161,8.426978499999999
Sundsfjord,Norway,66.983017,14.1690701
Suomenoja,Finland,60.16068639999999,24.7074508
Susa,Italy,45.1386144,7.048457300000001
Suvdola,Norway,59.14922929999999,8.7923385
Suviana,Italy,44.137189,11.0365306
Svandalsflona,Norway,59.6251808,6.2903635
Svartdalen,Norway,59.586535,8.551169
Svartelva,Norway,60.78079399999999,11.2731495
Svartisen,Norway,66.6333333,14.0
Svartkulp,Norway,60.02780910000001,10.6722196
Svean,Norway,59.91430399999999,10.7379964
Svelgen,Norway,61.7685236,5.2955096
Svelgfoss,Norway,61.7685236,5.2955096
Svorka,Norway,63.15768379999999,9.7723437
Svorkmo,Norway,63.16964590000001,9.742537
Sy sima,Norway,60.49938350000001,7.1634425
Sykkylven,Norway,62.3919003,6.5980089
Sylling,Norway,59.8947884,10.2832074
Sällsjö,Sweden,63.23282279999999,13.6824963
Tafjord,Norway,62.2311513,7.4153287
Tahkoluoto,Finland,61.6333168,21.4166604
Taio,Italy,46.32202179999999,11.0694984
Talamona,Italy,46.1368155,9.6105769
Taloro,Italy,40.1192269,9.2076051
Tanagro,Italy,40.4147944,15.4655636
Tanes,Spain,43.2068593,-5.4002664
Tarbert production,Ireland,52.5725966,-9.3751312
Tarrag,Spain,41.6480797,1.1409432
Tarrag ib,Spain,41.1188827,1.2444909
Tavazzano,Italy,45.32772180000001,9.4054364
Taverna storta nord,Italy,42.0184552,12.3769704
Tawnaghmore production,Ireland,54.1934,-9.2206
Teb,Slovenia,45.9975835,15.4785395
Tec bobovdol ead,Bulgaria,42.2837142,23.032473
Tecnoborgo,Italy,45.0547046,9.7319804
Teglia,Italy,44.3394288,9.890293999999999
Tenaris dalmine s.p.a.,Italy,45.6449527,9.6040725
Ter,Spain,42.0490241,3.0029584
Tera esla,Spain,42.2285364,-6.7721548
Termica colleferro,Italy,41.73550669999999,12.9696185
Termini imerese c.le,Italy,37.984023,13.6961892
Termoli,Italy,42.0005331,14.9952839
Termoutilizzatore,Italy,45.511618,10.209968
Termovalorizzatore acerra,Italy,40.9786446,14.3828476
Terni,Italy,42.5636168,12.6426604
Teruel,Spain,40.3456879,-1.1064345
Teverola,Italy,41.0085381,14.2134347
Tevla,Norway,63.38513759999999,11.8719306
Teš,Slovenia,46.3740381,15.0514274
Thamshavn,Norway,63.32058490000001,9.8825433
Thesavros,Greece,36.973984,24.723181
Thyrow,Germany,52.2516298,13.2517034
Tihange,Belgium,50.52969909999999,5.2614551
Tinfos telemark,Norway,59.39139849999999,8.3211209
Tioxide europe scarlino,Italy,42.9128622,10.8225732
Tirso,Italy,39.9122766,8.6106038
Tismana,Romania,45.0499296,22.9458871
Tistedal,Norway,59.1252243,11.4435499
Tjeldbergodden,Norway,63.40843160000001,8.6937046
Tjodan,Norway,59.01213019999999,10.2133395
Tjonnefoss,Norway,58.960165,8.519575999999999
Tjorhom,Norway,58.8885747,6.8519783
Tokke,Norway,59.4756002,7.707171499999999
Tonstad,Norway,58.66263079999999,6.716948299999999
Toplo ruse,Bulgaria,43.86987,26.01552
Toppa,Italy,43.5354005,11.2342955
Toppila,Finland,65.0384198,25.4431155
Tor valle,Italy,41.8233542,12.4294608
Torbole,Italy,45.8778243,10.8908516
Torino nord,Italy,45.0703393,7.686864
Tornavento,Italy,45.58134829999999,8.7097632
Torpshammar,Sweden,62.4755923,16.324512
Torrao,Portugal,38.2945393,-8.2238261
Torre ruggiero,Italy,38.6532245,16.3726073
Torrent,Italy,43.9178757,10.980711
Torrente tona,Italy,41.7411073,15.0542511
Torreval.nord,Italy,45.16031599999999,7.4436301
Torrite,Italy,44.0979979,10.399246
Torviscosa,Italy,45.8292352,13.2627729
Toverud,Norway,60.610551,12.033803
Trandal,Norway,62.2608457,6.500545799999999
Trapani c.le,Italy,38.0176177,12.537202
Trapani contrada coniglia,Italy,38.0176177,12.537202
Trapani salemi,Italy,37.8075233,12.7824777
Travale,Italy,43.1676323,11.0069318
Tre torri,Italy,45.4781414,9.1566191
Trengereid,Norway,60.4292494,5.6287493
Triano,Italy,42.7873847,11.5467854
Tricastin,France,44.3262629,4.731315700000001
Trillo,Spain,40.7007797,-2.5928841
Trofors,Norway,65.5350526,13.4070111
Troia,Italy,41.3597802,15.3081141
Troia cancarro,Italy,41.3402776,15.2602387
Troia cireo,Italy,41.3597802,15.3081141
Troia vincenzo,Italy,41.3597802,15.3081141
Trolheim,Norway,63.4305149,10.3950528
Tronsholen,Norway,58.8306909,5.7418882
Trysil,Norway,61.3169004,12.2598392
Trysilfossen,Norway,61.74977719999999,6.276685100000001
Trängslet,Sweden,61.3764616,13.7216033
Tula,Italy,40.72996089999999,8.9833983
Tunnsjo,Norway,59.9032377,8.9051872
Turano lodigiano bertonico lo,Italy,45.24882540000001,9.6228049
Turbigo,Italy,45.5329915,8.736665
Turbigo s.,Italy,45.5329915,8.736665
Turceni,Romania,44.674076,23.374199
Turlough hill,Ireland,53.024167,-6.416388899999999
Turów,Poland,51.414046,16.3804525
Tusciano,Italy,40.6208224,14.9564264
Tussa,Norway,62.17864530000001,6.0833482
Tveit,Norway,58.22173569999999,8.109061
Tveitelva,Norway,60.0068806,5.6876887
Tveiten,Norway,60.573648,5.234774
Tychy,Poland,50.12180069999999,19.0200023
Tyin,Norway,61.28821920000001,8.2101109
Tynagh production,Ireland,53.150019,-8.3736439
Tynset,Norway,62.2759334,10.7824054
Tyria,Norway,61.1213345,10.6975531
Tysseland,Norway,60.39459710000001,5.3215142
Tysso,Norway,60.6180361,5.5829755
U.p. barilla parma,Italy,44.8240965,10.37573
Uimaharju,Finland,62.9140212,30.2515897
Ulassai,Italy,39.8111464,9.4995256
Ulefoss,Norway,59.28382300000001,9.264594899999999
Ulset,Norway,60.4614053,5.3244739
Ulvik,Norway,60.57149159999999,6.915624900000001
Unigra' conselice,Italy,44.5347225,11.8607701
Up brnsfir,Italy,44.6913635,7.831951099999999
Uppsala kvv,Sweden,59.85856380000001,17.6389267
Urke,Norway,62.21287539999999,6.5668393
Ururi,Italy,41.8160988,15.0141093
Usma selbu,Norway,63.21924539999999,11.04129
Usta,Norway,60.5603433,8.3368586
Ustekveikja,Norway,60.53320309999999,8.2029855
Uvdal,Norway,60.2991038,8.539907699999999
V.nova frades,Portugal,40.7322554,-8.1737805
Vadheim,Norway,61.2080184,5.8302862
Vafos,Norway,58.8953083,9.338449599999999
Vagaana,Norway,59.4965518,6.1269429
Vagamo,Norway,61.87517010000001,9.0966266
Vagen,Norway,60.399164,5.3176285
Vaglio,Italy,43.9103642,11.2794599
Vaires,France,48.87360899999999,2.639543
Val noana,Italy,46.138214,11.839135
Valcimarra fiastrone,Italy,43.1382232,13.1674448
Valeira,Portugal,33.055408,-16.3303109
Valer,Norway,60.6758482,11.8413468
Vallabregues,France,43.853401,4.628383
Vallata,Italy,41.0252906,15.2779983
Vallesaccarda,Italy,41.0650449,15.2549367
Valpelline,Italy,45.8257747,7.3267545
Valsoyfjord,Norway,69.2389558,19.2260271
Vandellos,Spain,41.0194958,0.8316193
Vang,Norway,61.12535219999999,8.5736343
Vangpollen,Norway,68.61605899999999,15.5742389
Vanndola,Norway,61.5909116,7.3505118
Vargfors,Sweden,65.0178502,19.6899033
Varzo,Italy,46.2088946,8.2526009
Varzo cairasca,Italy,46.2088946,8.2526009
Vaskiluoto,Finland,63.089043,21.5776979
Vassfossen,Norway,59.732463,9.8680547
Vecchio valle cancelli ripa,Italy,42.2723138,13.5790804
Velsen,Netherlands,52.4520591,4.630587100000001
Vemork,Norway,59.88104999999999,8.496001999999999
Venamartello,Italy,42.7896735,13.4164107
Venaus,Italy,45.1511575,7.0170676
Venina,Italy,45.4408474,12.3155151
Vento piansano,Italy,42.5104136,11.8549588
Verdal,Norway,63.7505981,11.916895
Verma,Norway,62.3433297,8.0588759
Verres,Italy,45.6624352,7.6938048
Verzuolo,Italy,44.5938864,7.483104499999999
Vestrebotn,Norway,59.05540659999999,6.648529799999999
Via,Norway,61.8716141,6.8477066
Vianden,Luxembourg,49.9276046,6.1545274
Viddal,Norway,62.1397492,6.6117855
Vidraru,Romania,45.39648529999999,24.6224249
Vietas,Sweden,67.4846464,18.3564208
Vigeland,Norway,58.0843691,7.304979200000001
Vikaelva,Norway,69.3141261,18.6827338
Vikesa,Norway,58.6375907,6.0913457
Vikna,Norway,64.9135214,10.53786
Vilarinho f.,Portugal,41.3591622,-8.3337408
Villa castelli wf,Italy,40.5827618,17.4778206
Villa rinaldi,Italy,39.3115743,16.0508151
Villa s.maria,Italy,41.9513556,14.3529886
Villarodin,France,45.2260931,6.685819299999999
Vilniause,Lithuania,54.6871555,25.2796514
Vinadio,Italy,44.3077779,7.176439199999999
Vinchiana,Italy,43.8696119,10.526956
Vindedal,Norway,61.1198066,7.331474999999999
Vindpark björkhöjden,Sweden,63.413814,16.0872715
Vinje,Norway,59.88997200000001,7.764775699999999
Vittingfoss,Norway,59.48570480000001,10.0117496
Vizzini,Italy,37.1613188,14.7488678
Vizzola t.,Italy,45.6261799,8.6829486
Vobarno,Italy,45.6424642,10.5005307
Voelklingen,Germany,49.2556226,6.8588948
Voestalpine linz,Austria,48.2766593,14.3207802
Vogelgrun,France,48.012656,7.573436
Voghera,Italy,44.99165989999999,9.0120442
Vojany,Slovakia,48.5702197,21.9875696
Volturara,Italy,40.8802445,14.9180629
Volturino,Italy,41.4775815,15.1233932
Volturno,Italy,41.2498012,14.1933646
Vorarlberger illwerke,Austria,47.4876808,9.737128799999999
Vouglans,France,46.3871619,5.662755
Vuosaari,Finland,60.2087898,25.1437314
Waldeck,Austria,47.851419,13.769718
Wallsee mitterkirchen,Austria,48.1635152,14.7217896
Walsum,Germany,51.52786889999999,6.7238275
Wartsila italia s.p.a,Italy,40.8424919,14.2593868
Wedel,Germany,53.58238129999999,9.7137465
Weiher,Austria,47.7859456,13.0385853
Weisweiler,Germany,50.8273398,6.3147251
West offaly production,Ireland,53.2730298,-8.042218199999999
Westfalen,Austria,47.92530619999999,16.1935205
Whitegate prod,Ireland,51.8267841,-8.2321121
Wilhelmshaven,Germany,53.53234029999999,8.1068722
Wilmersdorf,Germany,52.4926939,13.3232913
Windpark egmond aan zee,Netherlands,52.6186114,4.6302431
Windpark havelland,Germany,52.5979018,12.5204131
Windpark trianel borkum west,Germany,53.593131,6.704731199999999
Wpp cogealac,Romania,44.6159421,28.4623735
Wpp facaeni,Romania,44.420252,26.218817
Wpp fantanele,Romania,44.61230700000001,28.5772962
Wpp sveti nikola,Bulgaria,43.4349451,28.4926146
Wrocław,Poland,51.1078852,17.0385376
Wte,Italy,45.5468945,8.9582214
Włocławek,Poland,52.6483303,19.0677357
Ybbs persenbeug,Austria,48.1764209,15.0820859
Ytre alsaker,Norway,60.4617977,5.432769
Za puławy,Poland,51.4508204,21.9841354
Zakłady chemiczne police sa,Poland,53.570671,14.549895
Zandvliet,Belgium,51.35964999999999,4.30716
Zelzate knippegroen,Belgium,51.1577444,3.8064546
Zevio,Italy,45.37170159999999,11.1335491
Zielona góra,Poland,51.9356214,15.5061862
Zuino,Italy,45.6790058,10.6443152
Älvkarleby,Sweden,60.56860669999999,17.4489129
Čhe avče,Slovenia,46.1026895,13.670725
Čierny váh,Slovakia,49.01199,19.94227
Łagisza,Poland,50.3505058,19.1406488
Łaziska,Poland,49.9324513,18.4549034
Żarnowiec,Poland,54.7874158,18.0856717
Żydowo,Poland,54.0424371,16.7161915
Ajkai hőerőmű,Hungary,47.0966727,17.5600077
Alpiq csepel erőmű,Hungary,47.42725189999999,19.0531595
Andretta mw,Italy,40.9403631,15.3270223
Aria srl ul,Italy,43.8578532,11.137625
Avezzano,Italy,42.0281396,13.4255637
Bakonyi gázturbinás erőmű,Hungary,47.0966727,17.5600077
Banzi,Italy,40.8622377,16.0128548
Cycofos,France,43.4280373,4.8865986
Debreceni kombináltciklusú erőmű,Hungary,47.5185819,21.6313403
Dolna odra,Poland,53.213655,14.4818385
Dossi,Italy,44.7678722,11.3351079
Dunamenti erőmű,Hungary,47.3282003,18.9204298
Edal,Czech Republic,41.2510516,-72.88223959999999
Edet,Czech Republic,41.2193216,-96.0483525
Eduk,Czech Republic,-23.634904,-46.734953
Eidum,Norway,63.443507,10.9815216
Eled,Czech Republic,40.1613907,-75.06291329999999
Ensdorf,Germany,49.3062355,6.7804113
Franken,Germany,48.7668872,12.3761626
Gode wind,Germany,54.4257888,10.1707288
Great island prod,Ireland,51.8686111,-8.28
Greenergy szabályozási központ,Hungary,47.547802,19.073291
Gönyűi erőmű,Hungary,47.7334344,17.8243403
Hafen,Germany,51.214923,6.750474
Hastedt,Germany,53.0775075,9.4536936
Holsbru,Norway,61.2998941,7.903708900000001
Ivpc anzano,Italy,40.91656,14.7975097
Kaldestad,Norway,60.55361549999999,6.02467
Kelenföldi erőmű,Hungary,47.462461,19.052994
Kispesti erőmű,Hungary,47.45,19.133333
Klingenberg,Germany,49.7805714,9.183095699999999
Kvittingen,Norway,60.06943149999999,5.0504995
Litéri gázturbinás erőmű,Hungary,47.107613,18.014077
Mitte,Germany,52.5306438,13.3830683
Mittelsbueren,Germany,53.1291194,8.651593499999999
Moorburg,Germany,53.4929396,9.925873099999999
Mátrai erőmű,Hungary,47.7944596,20.0545474
Nuova alta nurra,Italy,40.799421,8.439556999999999
Nuova gabbro,Italy,43.481447,10.4442658
Nyíregyházi kombináltciklusú erőmű,Hungary,47.95700679999999,21.7002821
Oroszlányi erőmű,Hungary,47.5006201,18.270297
Paksi atomerőmű,Hungary,46.5743687,18.8494116
Puentenuev,Spain,43.3484859,-7.192670799999999
Pécsi erőmű,Hungary,46.06451939999999,18.2636539
Reuter,Germany,51.2152594,6.7559293
Rosone,Italy,45.434835,7.4209295
Silz,Germany,49.1474138,7.949013700000001
Tajo,Spain,40.1188967,-3.1616515
Tajoenc,Spain,40.1188967,-3.1616515
Tatabánya erőmű,Hungary,47.5601589,18.4279957
Tiefstack,Germany,53.5311256,10.0658517
Tiszai erőmű,Hungary,47.9168905,21.0756327
Tryland,Norway,58.1557387,8.0625501
Ulvund,Norway,60.65455120000001,6.4330627
Vpp szabályozási csoport,Hungary,47.478345,19.027352
Waldeck,Germany,51.2076269,9.0646516
Weiher,Germany,49.1627831,8.6290693
Westfalen,Germany,51.43323669999999,7.661593799999999
Wpp pantelimon,Romania,44.4446966,26.1704409
Újpesti erőmű,Hungary,47.5543462,19.1016106
Gkm dbenergie,Germany,49.4445252,8.4995233
C.w.f.italia,Italy,45.4703859,9.1843794
Impianto termovalorizzazione dei rifiuti della prov.di to,Italy,45.2798516,8.7716484
Rijnmond,Netherlands,51.913156,4.481596
